cell,tin_ns,cl_pf,cell_fall,cell_rise,rise_transition,fall_transition
invx1,0.01,0.0005,0.008627616000000001,0.008135234,0.004833308000000001,0.003646278
invx1,0.01,0.0013,0.01049524,0.01017942,0.007279920999999999,0.005591086
invx1,0.01,0.0035,0.01520603,0.015361449999999999,0.014000740000000001,0.01094851
invx1,0.01,0.0094,0.02680815,0.02819348,0.032027929999999996,0.02532998
invx1,0.01,0.0249,0.05627603,0.06083890000000001,0.07938844,0.06312236
invx1,0.01,0.0662,0.1342539,0.1472097,0.2055806,0.1638223
invx1,0.01,0.1758,0.3409646,0.3761449,0.5404637999999999,0.4310562
invx1,0.0231,0.0005,0.01115819,0.01141006,0.005942004,0.004277945
invx1,0.0231,0.0013,0.01300109,0.01325575,0.007752227999999999,0.005889822
invx1,0.0231,0.0035,0.01771054,0.01824131,0.01401806,0.0109596
invx1,0.0231,0.0094,0.02949138,0.03110735,0.03203504,0.025339510000000003
invx1,0.0231,0.0249,0.059134769999999996,0.06388934,0.07939049,0.06312615
invx1,0.0231,0.0662,0.1372033,0.15035230000000002,0.2055815,0.1638227
invx1,0.0231,0.1758,0.3439514,0.3793296,0.5404641,0.4310567
invx1,0.0531,0.0005,0.01472688,0.01558567,0.010653359999999999,0.007409113
invx1,0.0531,0.0013,0.01771395,0.01887893,0.012721,0.009512824
invx1,0.0531,0.0035,0.023912179999999998,0.02545186,0.01694081,0.01344317
invx1,0.0531,0.0094,0.03593032,0.03818373,0.03236356,0.02567656
invx1,0.0531,0.0249,0.06575418999999999,0.07099852,0.07940322999999999,0.06314538
invx1,0.0531,0.0662,0.1439759,0.1575786,0.2055839,0.1638262
invx1,0.0531,0.1758,0.35079679999999996,0.38663060000000005,0.5404663,0.4310587
invx1,0.1225,0.0005,0.01880971,0.02101248,0.01765569,0.0128902
invx1,0.1225,0.0013,0.02349076,0.02627446,0.02078193,0.015898989999999998
invx1,0.1225,0.0035,0.03313985,0.03670843,0.02770354,0.022143700000000002
invx1,0.1225,0.0094,0.050472880000000005,0.05477405,0.04002084,0.03300859
invx1,0.1225,0.0249,0.08140189,0.08790141,0.08037473,0.06442175
invx1,0.1225,0.0662,0.1597431,0.1744487,0.2055995,0.163854
invx1,0.1225,0.1758,0.36667350000000004,0.4035761,0.5404706,0.4310614
invx1,0.2823,0.0005,0.0226326,0.027914659999999997,0.02862102,0.0221264
invx1,0.2823,0.0013,0.02975002,0.035750029999999995,0.03417185,0.0268219
invx1,0.2823,0.0035,0.04456778,0.05197116,0.04536098,0.03644418
invx1,0.2823,0.0094,0.07149147,0.0807789,0.06402325,0.05331783
invx1,0.2823,0.0249,0.11601,0.1269109,0.09702053,0.08168884
invx1,0.2823,0.0662,0.1964775,0.2138676,0.2070014,0.1661909
invx1,0.2823,0.1758,0.4033949,0.4428236,0.5404718,0.4310677
invx1,0.6507,0.0005,0.02407382,0.03777923,0.04965447,0.04080579
invx1,0.6507,0.0013,0.03464076,0.04872515,0.057469599999999996,0.047555110000000005
invx1,0.6507,0.0035,0.056765960000000004,0.07220071,0.07462705,0.061584070000000005
invx1,0.6507,0.0094,0.0976213,0.1162773,0.1054697,0.08744499
invx1,0.6507,0.0249,0.16658820000000002,0.1896255,0.15314830000000001,0.13037680000000001
invx1,0.6507,0.0662,0.2792546,0.30567449999999996,0.2415769,0.20359729999999998
invx1,0.6507,0.1758,0.4886352,0.5340857,0.5416475000000001,0.43418300000000004
invx1,1.5,0.0005,0.0185402,0.05300047,0.09361359000000001,0.08163827
invx1,1.5,0.0013,0.03356688,0.0677602,0.10319640000000001,0.09006477
invx1,1.5,0.0035,0.06571366000000001,0.10036439999999999,0.1264335,0.1093928
invx1,1.5,0.0094,0.1261364,0.1638426,0.1733607,0.1467429
invx1,1.5,0.0249,0.23058240000000002,0.2760206,0.2520215,0.21204220000000001
invx1,1.5,0.0662,0.4048946,0.4604625,0.371645,0.3200775
invx1,1.5,0.1758,0.6849869,0.7475866999999999,0.6098326,0.5109379000000001
invx2,0.01,0.0005,0.007735459,0.007355296,0.0038915190000000004,0.002967171
invx2,0.01,0.0013,0.008678162,0.008383038,0.005082489999999999,0.0039056209999999997
invx2,0.01,0.0035,0.01111876,0.01106669,0.008350973,0.006514860000000001
invx2,0.01,0.0094,0.01708017,0.01767115,0.01711973,0.013507739999999999
invx2,0.01,0.0249,0.03168252,0.03392591,0.04016816,0.031897879999999997
invx2,0.01,0.0662,0.06974104,0.07628654,0.1015779,0.08089872
invx2,0.01,0.1758,0.1703287,0.18819639999999999,0.26454449999999996,0.2109383
invx2,0.0231,0.0005,0.01002165,0.01052695,0.005349531,0.003917543
invx2,0.0231,0.0013,0.01111647,0.01169094,0.00609438,0.004565173
invx2,0.0231,0.0035,0.01353477,0.01413321,0.008626446000000001,0.006762251
invx2,0.0231,0.0094,0.01953966,0.02058655,0.01711966,0.01352647
invx2,0.0231,0.0249,0.03432876,0.03692234,0.040173429999999996,0.031902610000000005
invx2,0.0231,0.0662,0.07253245,0.07941625000000001,0.10157989999999999,0.08090077999999999
invx2,0.0231,0.1758,0.1731887,0.1914045,0.2645449,0.2109394
invx2,0.0531,0.0005,0.012759920000000001,0.01444518,0.009527523,0.00669624
invx2,0.0531,0.0013,0.01443709,0.016317079999999998,0.01080892,0.007864413
invx2,0.0531,0.0035,0.01827765,0.020421869999999998,0.01329784,0.010445419999999999
invx2,0.0531,0.0094,0.025691870000000002,0.027962769999999998,0.01921571,0.01558852
invx2,0.0531,0.0249,0.04059365,0.044102230000000006,0.04019134,0.032027469999999995
invx2,0.0531,0.0662,0.07897354,0.08667155,0.10157989999999999,0.08090452
invx2,0.0531,0.1758,0.1797506,0.19877350000000002,0.2645475,0.2109433
invx2,0.1225,0.0005,0.015307170000000002,0.019665079999999998,0.01590404,0.01165292
invx2,0.1225,0.0013,0.017936979999999998,0.022648830000000002,0.017718460000000002,0.01361634
invx2,0.1225,0.0035,0.023865260000000003,0.02912724,0.02215248,0.01743306
invx2,0.1225,0.0094,0.03541187,0.04131703,0.02986798,0.024651720000000002
invx2,0.1225,0.0249,0.05535086,0.06155831,0.04586061,0.03824001
invx2,0.1225,0.0662,0.09411025999999999,0.1038119,0.1017063,0.08136739999999999
invx2,0.1225,0.1758,0.195009,0.21594,0.2645612,0.2109615
invx2,0.2823,0.0005,0.016368999999999998,0.02721424,0.026273809999999998,0.02014912
invx2,0.2823,0.0013,0.02030807,0.03153759,0.029204989999999997,0.02287772
invx2,0.2823,0.0035,0.02927795,0.04128926,0.03614244,0.028969440000000003
invx2,0.2823,0.0094,0.046948489999999996,0.06025412,0.04891754,0.04041178
invx2,0.2823,0.0249,0.07776372,0.09247013,0.0697797,0.05994336
invx2,0.2823,0.0662,0.1292442,0.1443687,0.11349930000000001,0.09547203
invx2,0.2823,0.1758,0.2304695,0.2559292,0.264564,0.211487
invx2,0.6507,0.0005,0.01243849,0.03959141,0.04635355,0.03826374
invx2,0.6507,0.0013,0.0182879,0.04553941,0.05042896,0.041977509999999996
invx2,0.6507,0.0035,0.03155823,0.05925967,0.060211,0.05043029
invx2,0.6507,0.0094,0.05780657,0.08704938000000001,0.08044420000000001,0.06722276
invx2,0.6507,0.0249,0.1046426,0.1369482,0.1146113,0.09711931
invx2,0.6507,0.0662,0.18406250000000002,0.2193907,0.16802,0.1471255
invx2,0.6507,0.1758,0.3132339,0.349667,0.2873591,0.24100319999999997
invx2,1.5,0.0005,-0.003695311,0.0621609,0.08995992,0.07887558
invx2,1.5,0.0013,0.004428258,0.06994837000000001,0.09456608999999999,0.08302125
invx2,1.5,0.0035,0.023319100000000002,0.08856614,0.1068355,0.09377263
invx2,1.5,0.0094,0.061508349999999996,0.127457,0.1348385,0.11704120000000001
invx2,1.5,0.0249,0.13074529999999998,0.2001932,0.18826669999999998,0.1604569
invx2,1.5,0.0662,0.2512055,0.3279752,0.27573,0.2367104
invx2,1.5,0.1758,0.4501848,0.5333787,0.4089137,0.36173289999999997
invx4,0.01,0.0005,0.007241628,0.0069584569999999995,0.003466913,0.00264543
invx4,0.01,0.0013,0.007710822,0.0074759019999999995,0.004057016,0.003109996
invx4,0.01,0.0035,0.008963752,0.008861795,0.0056713069999999996,0.004378071999999999
invx4,0.01,0.0094,0.01208825,0.01236072,0.01000839,0.00780197
invx4,0.01,0.0249,0.019568580000000002,0.02079993,0.02141293,0.01682384
invx4,0.01,0.0662,0.03845072,0.042131300000000003,0.05180445,0.040862579999999996
invx4,0.01,0.1758,0.08785762,0.09788264,0.1324514,0.1046624
invx4,0.0231,0.0005,0.009291937,0.009988401000000001,0.005204687,0.00377337
invx4,0.0231,0.0013,0.009892383,0.01065096,0.005492835000000001,0.004105388000000001
invx4,0.0231,0.0035,0.01133469,0.012087879999999999,0.006493626000000001,0.005062084
invx4,0.0231,0.0094,0.01441415,0.015333339999999999,0.01008562,0.007972356
invx4,0.0231,0.0249,0.02198891,0.02367528,0.02142068,0.01683504
invx4,0.0231,0.0662,0.041053030000000004,0.04512543,0.051807820000000004,0.04086699
invx4,0.0231,0.1758,0.0905777,0.10100010000000001,0.1324527,0.10466439999999999
invx4,0.0531,0.0005,0.011446089999999999,0.01354987,0.009100532,0.0065069690000000005
invx4,0.0531,0.0013,0.0123514,0.01461873,0.009717039,0.00693563
invx4,0.0531,0.0035,0.01456725,0.01706432,0.011246170000000002,0.008371696999999999
invx4,0.0531,0.0094,0.01927813,0.022036220000000002,0.01427201,0.01161248
invx4,0.0531,0.0249,0.0279921,0.03091299,0.02278133,0.01834797
invx4,0.0531,0.0662,0.04715043,0.052229450000000004,0.05182995,0.04088489
invx4,0.0531,0.1758,0.09684213,0.1082055,0.1324602,0.1046764
invx4,0.1225,0.0005,0.01300891,0.01831644,0.01501893,0.0111901
invx4,0.1225,0.0013,0.01439428,0.01991944,0.016338130000000003,0.01191721
invx4,0.1225,0.0035,0.01782435,0.0237464,0.01899213,0.01430009
invx4,0.1225,0.0094,0.025058399999999998,0.031673520000000004,0.024083530000000002,0.01912813
invx4,0.1225,0.0249,0.03846141,0.04570666,0.0330873,0.02766081
invx4,0.1225,0.0662,0.06179188,0.06942351999999999,0.05545755,0.04550525
invx4,0.1225,0.1758,0.1115027,0.12516519999999998,0.1324891,0.104712
invx4,0.2823,0.0005,0.01252208,0.02562078,0.02497649,0.01865021
invx4,0.2823,0.0013,0.0145948,0.02787267,0.02656712,0.02031758
invx4,0.2823,0.0035,0.019663350000000003,0.03336253,0.030612519999999997,0.02356967
invx4,0.2823,0.0094,0.03047619,0.0451513,0.039168589999999996,0.03096743
invx4,0.2823,0.0249,0.05084301,0.06711998,0.053861929999999995,0.04430947
invx4,0.2823,0.0662,0.08653765000000001,0.1042168,0.07825519,0.06749083
invx4,0.2823,0.1758,0.1459465,0.1651857,0.1396348,0.1149452
invx4,0.6507,0.0005,0.006015128,0.03853312,0.044792330000000005,0.036229870000000004
invx4,0.6507,0.0013,0.009064644,0.041568640000000004,0.04677845,0.038118570000000004
invx4,0.6507,0.0035,0.01648005,0.04904869,0.05212668,0.04276433
invx4,0.6507,0.0094,0.03230677,0.06548708,0.06442053,0.05285364
invx4,0.6507,0.0249,0.06233543,0.09760362,0.08828401000000001,0.07233189
invx4,0.6507,0.0662,0.1161918,0.1552618,0.12778140000000002,0.10747369999999999
invx4,0.6507,0.1758,0.2069336,0.2489967,0.1893178,0.16618760000000002
invx4,1.5,0.0005,-0.014836839999999999,0.06365989000000001,0.08860393,0.07685839
invx4,1.5,0.0013,-0.0107104,0.06749187,0.09079993,0.07864851
invx4,1.5,0.0035,-0.0004400938,0.07725145,0.09683956,0.08384707999999999
invx4,1.5,0.0094,0.02213191,0.09945171,0.1122839,0.09675750999999999
invx4,1.5,0.0249,0.06571737999999999,0.1441034,0.1458915,0.12354589999999999
invx4,1.5,0.0662,0.14488020000000001,0.22826929999999998,0.2089807,0.1740567
invx4,1.5,0.1758,0.28175079999999997,0.3741487,0.30859600000000004,0.2628599
invx8,0.01,0.0005,0.007069026,0.006745994,0.003301732,0.0025554460000000003
invx8,0.01,0.0013,0.007310759000000001,0.007017289,0.0035936229999999998,0.002776168
invx8,0.01,0.0035,0.007960158,0.007725287,0.004403234999999999,0.003411632
invx8,0.01,0.0094,0.009623838999999999,0.009572681000000001,0.006574837,0.005137145
invx8,0.01,0.0249,0.01364555,0.01407683,0.01229652,0.009678273999999999
invx8,0.01,0.0662,0.02346579,0.02514529,0.02755296,0.021814189999999997
invx8,0.01,0.1758,0.048530369999999996,0.05337253,0.06803302,0.054029759999999996
invx8,0.0231,0.0005,0.009012875,0.009730662,0.005134012,0.003711684
invx8,0.0231,0.0013,0.009321574000000001,0.01009411,0.005272975,0.003908283
invx8,0.0231,0.0035,0.01012649,0.01098088,0.0057222440000000005,0.004350708
invx8,0.0231,0.0094,0.011936470000000001,0.01273521,0.0071795240000000005,0.005680046
invx8,0.0231,0.0249,0.01592269,0.01699734,0.01231718,0.009706912
invx8,0.0231,0.0662,0.025880189999999997,0.02803963,0.0275602,0.02181799
invx8,0.0231,0.1758,0.05111549,0.05640477,0.06803352,0.054033740000000004
invx8,0.0531,0.0005,0.01090432,0.01323538,0.008779068,0.006291084
invx8,0.0531,0.0013,0.011361610000000001,0.01378382,0.009257033,0.006655527
invx8,0.0531,0.0035,0.01258501,0.015182840000000001,0.01003527,0.007335550000000001
invx8,0.0531,0.0094,0.01541784,0.01823876,0.01218554,0.00930041
invx8,0.0531,0.0249,0.02111434,0.024141939999999997,0.01578185,0.012985489999999999
invx8,0.0531,0.0662,0.031750389999999996,0.03521204,0.028204089999999998,0.022754399999999998
invx8,0.0531,0.1758,0.057127899999999995,0.06353254,0.06803853,0.054054679999999994
invx8,0.1225,0.0005,0.01190799,0.0180916,0.01471053,0.01053139
invx8,0.1225,0.0013,0.01260235,0.01891248,0.014928160000000001,0.01140941
invx8,0.1225,0.0035,0.01445423,0.02107204,0.01693981,0.01247004
invx8,0.1225,0.0094,0.01879252,0.02583182,0.01994382,0.01528922
invx8,0.1225,0.0249,0.02753901,0.03511577,0.02597034,0.02111905
invx8,0.1225,0.0662,0.04351279,0.05153577,0.03673279,0.03164379
invx8,0.1225,0.1758,0.07142166,0.08064957,0.06978769,0.05686657
invx8,0.2823,0.0005,0.01013254,0.0259376,0.024571819999999998,0.01882307
invx8,0.2823,0.0013,0.01127781,0.02709718,0.02541162,0.019413069999999998
invx8,0.2823,0.0035,0.01402515,0.03005272,0.02748566,0.0214332
invx8,0.2823,0.0094,0.02048383,0.03693203,0.032407149999999996,0.02566306
invx8,0.2823,0.0249,0.03352905,0.05093151,0.04239668,0.034466290000000004
invx8,0.2823,0.0662,0.05786151,0.07663115999999999,0.05968701,0.05031064
invx8,0.2823,0.1758,0.09959314000000001,0.11909209999999999,0.08857202,0.07760596
invx8,0.6507,0.0005,0.00122743,0.040344319999999996,0.04470164,0.03680282
invx8,0.6507,0.0013,0.0028213409999999998,0.04190132,0.04572213,0.03773434
invx8,0.6507,0.0035,0.0068904,0.04589354,0.04843868,0.0402848
invx8,0.6507,0.0094,0.01623958,0.05529756,0.05505611,0.046115430000000006
invx8,0.6507,0.0249,0.035310980000000006,0.07498165000000001,0.06957748,0.0582692
invx8,0.6507,0.0662,0.07132779,0.1130168,0.09744519,0.08159863
invx8,0.6507,0.1758,0.1345749,0.17941189999999999,0.14233120000000002,0.12259980000000001
invx8,1.5,0.0005,-0.02441252,0.06936055,0.09005664,0.07923561999999999
invx8,1.5,0.0013,-0.02232457,0.07127462,0.0910892,0.08004499
invx8,1.5,0.0035,-0.01687772,0.07634203,0.09390378,0.08247511
invx8,1.5,0.0094,-0.003924371,0.08870383999999999,0.1015949,0.08917857
invx8,1.5,0.0249,0.02328248,0.1155297,0.12031670000000001,0.1051754
invx8,1.5,0.0662,0.07549538,0.1688952,0.1601937,0.13757830000000001
invx8,1.5,0.1758,0.16886679999999998,0.2671528,0.23243160000000002,0.1973832
nand2x1,0.01,0.0005,0.009493548999999999,0.01119113,0.007677679999999999,0.0052456840000000005
nand2x1,0.01,0.0013,0.01083635,0.01332816,0.01011936,0.006725812
nand2x1,0.01,0.0035,0.01431006,0.01884919,0.016838759999999998,0.01081064
nand2x1,0.01,0.0094,0.023011570000000002,0.032294550000000005,0.03486649,0.02173978
nand2x1,0.01,0.0249,0.045138830000000005,0.06542028,0.0822257,0.05041374
nand2x1,0.01,0.0662,0.1036547,0.1520403,0.2084181,0.12678889999999998
nand2x1,0.01,0.1758,0.2587462,0.3810797,0.5433014,0.32945389999999997
nand2x1,0.0231,0.0005,0.01174571,0.014187449999999999,0.007801603,0.005826518
nand2x1,0.0231,0.0013,0.01307224,0.016110469999999998,0.01013624,0.007039595
nand2x1,0.0231,0.0035,0.016575879999999998,0.02132459,0.01685325,0.01081882
nand2x1,0.0231,0.0094,0.02541173,0.03474895,0.03486915,0.02174799
nand2x1,0.0231,0.0249,0.04767582,0.06819638,0.08222853000000001,0.05041921
nand2x1,0.0231,0.0662,0.1062668,0.15508740000000001,0.2084182,0.1267907
nand2x1,0.0231,0.1758,0.2613901,0.3842669,0.5433014,0.3294542
nand2x1,0.0531,0.0005,0.014858930000000001,0.02030619,0.01256044,0.008985977000000001
nand2x1,0.0531,0.0013,0.01700064,0.02288547,0.01392975,0.01061836
nand2x1,0.0531,0.0035,0.02181032,0.02839351,0.018634130000000002,0.013866819999999998
nand2x1,0.0531,0.0094,0.03125388,0.041332,0.03490291,0.02275676
nand2x1,0.0531,0.0249,0.053641549999999996,0.0748031,0.08224065,0.05044555
nand2x1,0.0531,0.0662,0.1123452,0.1620317,0.2084252,0.1267967
nand2x1,0.0531,0.1758,0.2675248,0.3914558,0.5433027,0.3294583
nand2x1,0.1225,0.0005,0.017791960000000002,0.02863116,0.02062236,0.014664429999999999
nand2x1,0.1225,0.0013,0.02113201,0.03266328,0.02326002,0.016863299999999998
nand2x1,0.1225,0.0035,0.02840772,0.041498249999999993,0.02912064,0.02163881
nand2x1,0.1225,0.0094,0.0426687,0.05813816,0.04141239,0.03142574
nand2x1,0.1225,0.0249,0.06783321,0.09120141000000001,0.08282047000000001,0.05375254
nand2x1,0.1225,0.0662,0.12656119999999998,0.1784149,0.2084349,0.12682220000000002
nand2x1,0.1225,0.1758,0.2817977,0.40813910000000003,0.543303,0.32947
nand2x1,0.2823,0.0005,0.0187182,0.04091636,0.03251223,0.02416866
nand2x1,0.2823,0.0013,0.02363582,0.04689789,0.03708239,0.02736058
nand2x1,0.2823,0.0035,0.03471548,0.06038337,0.04675791,0.034602640000000004
nand2x1,0.2823,0.0094,0.05643572,0.0863973,0.06467659,0.04875066
nand2x1,0.2823,0.0249,0.09436808,0.13052529999999998,0.09824389,0.07436407
nand2x1,0.2823,0.0662,0.1598463,0.2174064,0.2095108,0.13412849999999998
nand2x1,0.2823,0.1758,0.3148876,0.4469764,0.5433089,0.32947360000000003
nand2x1,0.6507,0.0005,0.01273501,0.061752129999999995,0.05385099,0.04368003
nand2x1,0.6507,0.0013,0.020029469999999997,0.07000426,0.06011369,0.04832223
nand2x1,0.6507,0.0035,0.03652844,0.08911591,0.07490158,0.05872118999999999
nand2x1,0.6507,0.0094,0.06896947,0.12790890000000002,0.1040151,0.0791895
nand2x1,0.6507,0.0249,0.1265626,0.1966555,0.15203899999999998,0.115962
nand2x1,0.6507,0.0662,0.2243303,0.3097742,0.24237199999999998,0.181519
nand2x1,0.6507,0.1758,0.3920518,0.5380283,0.5442710000000001,0.3430037
nand2x1,1.5,0.0005,-0.01195625,0.1008591,0.09727438,0.08457591
nand2x1,1.5,0.0013,-0.001386923,0.1119763,0.1049127,0.09083762000000001
nand2x1,1.5,0.0035,0.02275221,0.1380805,0.1241522,0.10547699999999999
nand2x1,1.5,0.0094,0.0707433,0.1923356,0.1663321,0.1348121
nand2x1,1.5,0.0249,0.15668580000000001,0.29416,0.24373070000000002,0.1879754
nand2x1,1.5,0.0662,0.3048152,0.47034060000000005,0.3668454,0.2821217
nand2x1,1.5,0.1758,0.5501339000000001,0.7527165,0.6098901,0.4472764
nand2x2,0.01,0.0005,0.008757237000000001,0.01039435,0.006659785,0.004740689
nand2x2,0.01,0.0013,0.009432198000000001,0.011459150000000001,0.007839563999999999,0.0054644030000000005
nand2x2,0.01,0.0035,0.01120633,0.01428774,0.01111438,0.007457236
nand2x2,0.01,0.0094,0.015641210000000003,0.02132918,0.019885069999999998,0.01279052
nand2x2,0.01,0.0249,0.026605029999999998,0.038179080000000004,0.042931090000000005,0.02678846
nand2x2,0.01,0.0662,0.05516397,0.08094185,0.1043404,0.06405313
nand2x2,0.01,0.1758,0.13060339999999998,0.1930458,0.26730709999999996,0.1629197
nand2x2,0.0231,0.0005,0.01087598,0.013516750000000001,0.0069318620000000004,0.00554676
nand2x2,0.0231,0.0013,0.011630620000000001,0.014443929999999999,0.007914917,0.006090564000000001
nand2x2,0.0231,0.0035,0.01338657,0.01702922,0.01111125,0.0077480019999999995
nand2x2,0.0231,0.0094,0.01787151,0.02380614,0.019891700000000002,0.01280366
nand2x2,0.0231,0.0249,0.02897958,0.04075979,0.042935,0.02679867
nand2x2,0.0231,0.0662,0.05765518,0.08386035,0.1043415,0.06405794
nand2x2,0.0231,0.1758,0.1331521,0.19619450000000002,0.2673079,0.1629215
nand2x2,0.0531,0.0005,0.01339566,0.01947141,0.011674249999999999,0.008559475
nand2x2,0.0531,0.0013,0.01451635,0.0208578,0.01239293,0.009268179
nand2x2,0.0531,0.0035,0.01730259,0.02414093,0.01435126,0.01137672
nand2x2,0.0531,0.0094,0.02319693,0.03084374,0.021129310000000002,0.015474980000000001
nand2x2,0.0531,0.0249,0.034690900000000004,0.047420819999999995,0.0429576,0.02741184
nand2x2,0.0531,0.0662,0.06348861,0.09067729000000001,0.1043477,0.06407304999999999
nand2x2,0.0531,0.1758,0.13907809999999998,0.2033416,0.2673122,0.16293100000000002
nand2x2,0.1225,0.0005,0.015312790000000001,0.02772206,0.01902446,0.01325133
nand2x2,0.1225,0.0013,0.01707836,0.029872759999999998,0.02063656,0.014989160000000001
nand2x2,0.1225,0.0035,0.021332209999999997,0.03501134,0.023841880000000003,0.017640799999999998
nand2x2,0.1225,0.0094,0.0302135,0.04557792,0.031211179999999998,0.02349738
nand2x2,0.1225,0.0249,0.04681135,0.06454101000000001,0.047468409999999996,0.035411530000000004
nand2x2,0.1225,0.0662,0.07728528,0.1072826,0.1043887,0.06608361
nand2x2,0.1225,0.1758,0.1529103,0.2200884,0.2673196,0.1629563
nand2x2,0.2823,0.0005,0.01450314,0.04032629,0.030448400000000004,0.02229679
nand2x2,0.2823,0.0013,0.017137419999999997,0.043498239999999994,0.0327983,0.02418322
nand2x2,0.2823,0.0035,0.0234125,0.05123375,0.0385628,0.02817304
nand2x2,0.2823,0.0094,0.03684025,0.06754465,0.05009617,0.03710778
nand2x2,0.2823,0.0249,0.061942460000000005,0.09729566,0.07047139000000001,0.053756280000000004
nand2x2,0.2823,0.0662,0.1059831,0.1476005,0.1150567,0.08477759
nand2x2,0.2823,0.1758,0.1851891,0.2595946,0.26732490000000003,0.166901
nand2x2,0.6507,0.0005,0.00518549,0.06285628,0.05035729,0.04032968
nand2x2,0.6507,0.0013,0.009063574000000001,0.06720674,0.05365286,0.04286433
nand2x2,0.6507,0.0035,0.01843658,0.07789302000000001,0.061979269999999996,0.04881852
nand2x2,0.6507,0.0094,0.03833693,0.1013208,0.08024493,0.06145556
nand2x2,0.6507,0.0249,0.07582701,0.14649969999999998,0.113482,0.08552394
nand2x2,0.6507,0.0662,0.1423608,0.2251043,0.1674581,0.1292845
nand2x2,0.6507,0.1758,0.2544621,0.3533639,0.2887719,0.2081739
nand2x2,1.5,0.0005,-0.026245900000000003,0.1069283,0.09141533,0.07855069
nand2x2,1.5,0.0013,-0.02065991,0.11271990000000001,0.09532553,0.08180032
nand2x2,1.5,0.0035,-0.007010537,0.1271438,0.105754,0.08990895
nand2x2,1.5,0.0094,0.02227169,0.1592143,0.13042530000000002,0.10780450000000001
nand2x2,1.5,0.0249,0.07775698,0.22317330000000002,0.1810443,0.1420412
nand2x2,1.5,0.0662,0.1769566,0.3420252,0.2692463,0.2049581
nand2x2,1.5,0.1758,0.3460486,0.5409341,0.4059252,0.31580660000000005
nand2x4,0.01,0.0005,0.008470485,0.009896008000000001,0.006201276,0.004508458999999999
nand2x4,0.01,0.0013,0.00881187,0.01043148,0.006795186999999999,0.004866876
nand2x4,0.01,0.0035,0.009730032999999999,0.01187677,0.00841024,0.005866224000000001
nand2x4,0.01,0.0094,0.01206645,0.01558869,0.01274618,0.008534232000000001
nand2x4,0.01,0.0249,0.0177683,0.024543489999999998,0.02415042,0.015538879999999998
nand2x4,0.01,0.0662,0.03222738,0.04644915,0.054538670000000004,0.03418035
nand2x4,0.01,0.1758,0.07003166000000001,0.1025447,0.1351855,0.0836229
nand2x4,0.0231,0.0005,0.01048262,0.013055319999999999,0.006610154,0.005384091
nand2x4,0.0231,0.0013,0.0108885,0.01352211,0.007080886999999999,0.00568933
nand2x4,0.0231,0.0035,0.01187433,0.014800450000000001,0.008445116999999999,0.00644413
nand2x4,0.0231,0.0094,0.014199519999999998,0.01821443,0.01275717,0.008723726000000001
nand2x4,0.0231,0.0249,0.01997879,0.02695812,0.0241493,0.015551949999999998
nand2x4,0.0231,0.0662,0.03458259,0.04906688,0.05454035,0.03418949
nand2x4,0.0231,0.1758,0.07248348,0.1054926,0.135187,0.08362553
nand2x4,0.0531,0.0005,0.01263507,0.01870944,0.01147105,0.008248226
nand2x4,0.0531,0.0013,0.01327065,0.01944332,0.01188794,0.008758306
nand2x4,0.0531,0.0035,0.01478454,0.02128595,0.01281869,0.009819701
nand2x4,0.0531,0.0094,0.01834345,0.02543753,0.015480790000000001,0.012444160000000001
nand2x4,0.0531,0.0249,0.02543742,0.03379781,0.024883710000000003,0.01768399
nand2x4,0.0531,0.0662,0.040187469999999996,0.055635939999999995,0.054556339999999995,0.034422219999999996
nand2x4,0.0531,0.1758,0.07820774,0.112309,0.1351919,0.08364341
nand2x4,0.1225,0.0005,0.013821940000000001,0.02663281,0.01842063,0.013211839999999999
nand2x4,0.1225,0.0013,0.014754080000000001,0.02773935,0.01929792,0.01362509
nand2x4,0.1225,0.0035,0.01713915,0.03059747,0.0211976,0.01569761
nand2x4,0.1225,0.0094,0.022491479999999998,0.03701535,0.02576931,0.01887526
nand2x4,0.1225,0.0249,0.033245580000000004,0.049512459999999994,0.03391369,0.0264376
nand2x4,0.1225,0.0662,0.05304819,0.07243948,0.05731882,0.04099273
nand2x4,0.1225,0.1758,0.09167763999999999,0.1287223,0.13521850000000002,0.08442651
nand2x4,0.2823,0.0005,0.01165179,0.03915949,0.029704599999999998,0.02218066
nand2x4,0.2823,0.0013,0.012976640000000001,0.04078411,0.03081882,0.02325735
nand2x4,0.2823,0.0035,0.016511889999999998,0.04490732,0.03385875,0.025531389999999998
nand2x4,0.2823,0.0094,0.02446268,0.05445292,0.04111874,0.03078268
nand2x4,0.2823,0.0249,0.040667499999999995,0.07371668,0.05482349,0.0414021
nand2x4,0.2823,0.0662,0.07062256,0.1084915,0.07860121,0.0613459
nand2x4,0.2823,0.1758,0.1222643,0.168454,0.141548,0.09958205
nand2x4,0.6507,0.0005,-0.0005096438,0.06244398,0.050232370000000005,0.04098631
nand2x4,0.6507,0.0013,0.001524005,0.06461364,0.0517933,0.04229148
nand2x4,0.6507,0.0035,0.0066711570000000005,0.07023805000000001,0.05601063,0.04553727
nand2x4,0.6507,0.0094,0.01846027,0.08342793,0.06616465,0.05300347
nand2x4,0.6507,0.0249,0.04239405,0.1110644,0.08762535,0.06811328
nand2x4,0.6507,0.0662,0.087183,0.1639417,0.1262798,0.09687685
nand2x4,0.6507,0.1758,0.1651196,0.25408379999999997,0.18872419999999998,0.14840830000000002
nand2x4,1.5,0.0005,-0.03732944,0.1091007,0.09399134,0.08168660000000001
nand2x4,1.5,0.0013,-0.034494449999999996,0.11195820000000001,0.09578154,0.08326217000000001
nand2x4,1.5,0.0035,-0.02716427,0.1194025,0.1007228,0.08741277
nand2x4,1.5,0.0094,-0.01014108,0.137162,0.1133585,0.09749772999999999
nand2x4,1.5,0.0249,0.02483059,0.1749993,0.1423139,0.11872319999999999
nand2x4,1.5,0.0662,0.09082952000000001,0.2501263,0.2014517,0.1595035
nand2x4,1.5,0.1758,0.207241,0.38703139999999997,0.3019327,0.2335989
nor2x1,0.01,0.0005,0.013262059999999999,0.01136646,0.010916190000000001,0.005895371
nor2x1,0.01,0.0013,0.015280370000000001,0.01345636,0.013332,0.007841703
nor2x1,0.01,0.0035,0.02042948,0.018742670000000003,0.01991635,0.01319879
nor2x1,0.01,0.0094,0.032711859999999995,0.03174478,0.03741648,0.0275796
nor2x1,0.01,0.0249,0.06267871,0.06457588,0.08313677000000001,0.06537181
nor2x1,0.01,0.0662,0.14091040000000002,0.1512117,0.2047246,0.1660713
nor2x1,0.01,0.1758,0.3477251,0.3807234,0.5272454,0.43330529999999995
nor2x1,0.0231,0.0005,0.0153815,0.01381821,0.01081936,0.0059424560000000005
nor2x1,0.0231,0.0013,0.01733244,0.01569028,0.013049229999999998,0.007857639
nor2x1,0.0231,0.0035,0.02246644,0.02082261,0.019780119999999998,0.01320267
nor2x1,0.0231,0.0094,0.03509138,0.033922259999999996,0.03739542,0.027589429999999998
nor2x1,0.0231,0.0249,0.06553273000000001,0.06695124000000001,0.08313844999999999,0.06537263
nor2x1,0.0231,0.0662,0.1440632,0.15371310000000002,0.2047258,0.1660721
nor2x1,0.0231,0.1758,0.3510149,0.3832821,0.527246,0.4333057
nor2x1,0.0531,0.0005,0.02056189,0.01859712,0.0157375,0.008680380000000001
nor2x1,0.0531,0.0013,0.02292437,0.0212433,0.01701884,0.01000027
nor2x1,0.0531,0.0035,0.028265799999999997,0.02704541,0.021760090000000003,0.01421134
nor2x1,0.0531,0.0094,0.040810769999999996,0.03979953,0.03739381,0.02760987
nor2x1,0.0531,0.0249,0.0717237,0.07290477000000001,0.08314093,0.06538886
nor2x1,0.0531,0.0662,0.150721,0.1598397,0.2047318,0.1660756
nor2x1,0.0531,0.1758,0.35793359999999996,0.38951220000000003,0.5272464,0.433307
nor2x1,0.1225,0.0005,0.02720782,0.024110259999999998,0.02129207,0.01501664
nor2x1,0.1225,0.0013,0.030878660000000002,0.02817742,0.024093399999999997,0.01733864
nor2x1,0.1225,0.0035,0.03908143,0.03715716,0.03160457,0.022629240000000002
nor2x1,0.1225,0.0094,0.05521086,0.05432815,0.04470012,0.03317213
nor2x1,0.1225,0.0249,0.08647890999999999,0.08759554,0.08410087,0.06597438
nor2x1,0.1225,0.0662,0.1659843,0.17449430000000002,0.2047498,0.1660865
nor2x1,0.1225,0.1758,0.3736233,0.4042693,0.5272567,0.4333177
nor2x1,0.2823,0.0005,0.03481308,0.03050088,0.032848569999999994,0.02475621
nor2x1,0.2823,0.0013,0.0404113,0.03648711,0.03723206,0.02894096
nor2x1,0.2823,0.0035,0.05304647,0.049940099999999994,0.04668187,0.03748107
nor2x1,0.2823,0.0094,0.07780182,0.07618865,0.06586913999999999,0.05341969
nor2x1,0.2823,0.0249,0.12090590000000001,0.12168999999999999,0.1011982,0.08136605
nor2x1,0.2823,0.0662,0.2017957,0.2092154,0.2066412,0.1676632
nor2x1,0.2823,0.1758,0.40983970000000003,0.4386964,0.5272564,0.4333137
nor2x1,0.6507,0.0005,0.04292445,0.03778885,0.05545674,0.044198100000000004
nor2x1,0.6507,0.0013,0.05116133,0.04613162,0.06138452,0.04992067
nor2x1,0.6507,0.0035,0.06988328,0.06527654,0.07530924,0.06272553
nor2x1,0.6507,0.0094,0.1071869,0.10390740000000001,0.1031138,0.08759564
nor2x1,0.6507,0.0249,0.1732791,0.17311189999999999,0.1520634,0.1299052
nor2x1,0.6507,0.0662,0.2842641,0.29000289999999995,0.2435354,0.2031462
nor2x1,0.6507,0.1758,0.4942256,0.5193894,0.5295588,0.4358028
nor2x1,1.5,0.0005,0.05017311,0.04506627,0.10143669999999999,0.08541225
nor2x1,1.5,0.0013,0.0620201,0.05646776,0.1089008,0.0927452
nor2x1,1.5,0.0035,0.08907760999999999,0.08302562999999999,0.1274952,0.11002619999999999
nor2x1,1.5,0.0094,0.14338320000000002,0.1375328,0.16734590000000002,0.1455279
nor2x1,1.5,0.0249,0.2420907,0.23890160000000002,0.2407736,0.2102746
nor2x1,1.5,0.0662,0.4122625,0.4164482,0.36491029999999997,0.318598
nor2x1,1.5,0.1758,0.6901967999999999,0.7093399,0.6047618,0.5104137999999999
nor2x2,0.01,0.0005,0.012192010000000001,0.01047208,0.009823021000000001,0.005164595
nor2x2,0.01,0.0013,0.01319645,0.01153727,0.01101903,0.006106406
nor2x2,0.01,0.0035,0.015845409999999997,0.014316029999999999,0.01428838,0.008709159000000001
nor2x2,0.01,0.0094,0.02233533,0.021134800000000002,0.022971509999999997,0.01570035
nor2x2,0.01,0.0249,0.0375725,0.03774594,0.04558723,0.03408641
nor2x2,0.01,0.0662,0.07604555,0.08074706,0.1055683,0.08308602
nor2x2,0.01,0.1758,0.1768248,0.1941325,0.2645227,0.2131253
nor2x2,0.0231,0.0005,0.01430689,0.01300149,0.009930645,0.0052036240000000004
nor2x2,0.0231,0.0013,0.01526233,0.01392978,0.01094377,0.006149036
nor2x2,0.0231,0.0035,0.01783106,0.01646417,0.01404267,0.008718615
nor2x2,0.0231,0.0094,0.02436332,0.0231597,0.0228705,0.01571132
nor2x2,0.0231,0.0249,0.040011149999999995,0.03991511,0.045579390000000004,0.034092250000000004
nor2x2,0.0231,0.0662,0.07889979,0.08310963,0.10556839999999999,0.08308861000000001
nor2x2,0.0231,0.1758,0.1799161,0.1966057,0.26452359999999997,0.2131263
nor2x2,0.0531,0.0005,0.01890844,0.01728986,0.01546882,0.008219007
nor2x2,0.0531,0.0013,0.02016249,0.01872204,0.01587947,0.008986413
nor2x2,0.0531,0.0035,0.023277569999999997,0.02216243,0.01771725,0.01084559
nor2x2,0.0531,0.0094,0.029929120000000003,0.02918847,0.024315979999999997,0.01650285
nor2x2,0.0531,0.0249,0.04563077,0.04568864,0.04546738,0.034117180000000004
nor2x2,0.0531,0.0662,0.08502488,0.08900134999999999,0.10557390000000001,0.08309958
nor2x2,0.0531,0.1758,0.1864337,0.20266,0.2645265,0.2131307
nor2x2,0.1225,0.0005,0.0240746,0.02219489,0.01974035,0.013726490000000001
nor2x2,0.1225,0.0013,0.026115839999999998,0.02435967,0.021664160000000002,0.0154511
nor2x2,0.1225,0.0035,0.03086368,0.02959791,0.02553315,0.01847082
nor2x2,0.1225,0.0094,0.04100214,0.040513379999999995,0.034967580000000005,0.02507432
nor2x2,0.1225,0.0249,0.05985617,0.06057925000000001,0.05110621,0.03852551
nor2x2,0.1225,0.0662,0.09939306,0.1034438,0.1056992,0.08320093
nor2x2,0.1225,0.1758,0.2013065,0.2171128,0.2645425,0.21313490000000002
nor2x2,0.2823,0.0005,0.02920676,0.02818658,0.03131173,0.0232332
nor2x2,0.2823,0.0013,0.03218919,0.031336,0.03353454,0.02553605
nor2x2,0.2823,0.0035,0.039364550000000005,0.03890568,0.03906865,0.030637030000000003
nor2x2,0.2823,0.0094,0.054783729999999996,0.05516962,0.0510392,0.04109719
nor2x2,0.2823,0.0249,0.0836409,0.08554742,0.0737339,0.059788499999999994
nor2x2,0.2823,0.0662,0.13389009999999998,0.1384998,0.1188121,0.09550248
nor2x2,0.2823,0.1758,0.23599290000000003,0.2512643,0.2646572,0.21335890000000002
nor2x2,0.6507,0.0005,0.03305287,0.03605244,0.05380595,0.04253461
nor2x2,0.6507,0.0013,0.03737995,0.04033596,0.0568388,0.045469380000000004
nor2x2,0.6507,0.0035,0.04786232,0.05085005,0.06438563,0.05268239
nor2x2,0.6507,0.0094,0.07041523,0.07376585000000001,0.08129989,0.06800083
nor2x2,0.6507,0.0249,0.1135896,0.118332,0.1139474,0.09692583
nor2x2,0.6507,0.0662,0.19027919999999998,0.1983519,0.1718379,0.1464145
nor2x2,0.6507,0.1758,0.3179868,0.332767,0.2916611,0.2409717
nor2x2,1.5,0.0005,0.03250836,0.04637999,0.1017304,0.0854563
nor2x2,1.5,0.0013,0.038586010000000004,0.0520833,0.1052553,0.08898058
nor2x2,1.5,0.0035,0.05350096,0.06631007,0.1145852,0.0979692
nor2x2,1.5,0.0094,0.08582026,0.09789252999999999,0.1369104,0.11843450000000001
nor2x2,1.5,0.0249,0.1481896,0.1603985,0.18332389999999998,0.15921000000000002
nor2x2,1.5,0.0662,0.2622196,0.277466,0.26908180000000004,0.2346063
nor2x2,1.5,0.1758,0.4570831,0.4804065,0.4140354,0.3600684
nor2x4,0.01,0.0005,0.01160324,0.01012873,0.009447058,0.0048113489999999995
nor2x4,0.01,0.0013,0.012103510000000001,0.01067048,0.01004954,0.005274834
nor2x4,0.01,0.0035,0.013447170000000001,0.01212392,0.01169965,0.006544774
nor2x4,0.01,0.0094,0.01685659,0.01578052,0.016094900000000002,0.00996471
nor2x4,0.01,0.0249,0.02492824,0.02456102,0.02752597,0.01897665
nor2x4,0.01,0.0662,0.044383,0.04653926,0.05773797,0.04301167
nor2x4,0.01,0.1758,0.0941222,0.10369880000000001,0.1376243,0.1068097
nor2x4,0.0231,0.0005,0.01368734,0.012735129999999999,0.009605353,0.004855924
nor2x4,0.0231,0.0013,0.01415606,0.013177630000000001,0.01009436,0.005291391
nor2x4,0.0231,0.0035,0.01543476,0.01444495,0.01150635,0.006562706
nor2x4,0.0231,0.0094,0.01876916,0.01786836,0.01588695,0.009989195
nor2x4,0.0231,0.0249,0.02696683,0.02660581,0.02746003,0.01898992
nor2x4,0.0231,0.0662,0.04687173,0.04877071,0.05773472,0.04301601
nor2x4,0.0231,0.1758,0.09696452,0.1061075,0.1376261,0.1068111
nor2x4,0.0531,0.0005,0.01779052,0.01689674,0.01536583,0.007844598999999999
nor2x4,0.0531,0.0013,0.01847674,0.01766985,0.015441139999999999,0.008404708
nor2x4,0.0531,0.0035,0.020151179999999998,0.01957296,0.01621979,0.009489089000000001
nor2x4,0.0531,0.0094,0.02410698,0.023914400000000002,0.01895084,0.01197151
nor2x4,0.0531,0.0249,0.0323103,0.03252009,0.028272119999999998,0.01949987
nor2x4,0.0531,0.0662,0.05242449,0.05455969,0.05770056,0.043044490000000005
nor2x4,0.0531,0.1758,0.1030113,0.1120612,0.1376335,0.106821
nor2x4,0.1225,0.0005,0.022053299999999998,0.02176578,0.01895669,0.01352212
nor2x4,0.1225,0.0013,0.0230308,0.02288956,0.020302039999999997,0.01402804
nor2x4,0.1225,0.0035,0.02565402,0.02581265,0.022215460000000003,0.01594369
nor2x4,0.1225,0.0094,0.03165016,0.032372649999999996,0.02745549,0.01970642
nor2x4,0.1225,0.0249,0.04372349,0.04536713,0.03800476,0.027762790000000002
nor2x4,0.1225,0.0662,0.06620085,0.06930272999999999,0.0611521,0.0461041
nor2x4,0.1225,0.1758,0.11703779999999998,0.1265105,0.1376443,0.1068338
nor2x4,0.2823,0.0005,0.02559584,0.02814061,0.030098080000000003,0.0220123
nor2x4,0.2823,0.0013,0.02709845,0.029743890000000002,0.03135675,0.023255710000000002
nor2x4,0.2823,0.0035,0.03094831,0.03385565,0.03434716,0.02599754
nor2x4,0.2823,0.0094,0.0398336,0.043381859999999994,0.04146031,0.032371729999999994
nor2x4,0.2823,0.0249,0.05806514,0.06281567,0.056009170000000004,0.04492541
nor2x4,0.2823,0.0662,0.09201872999999999,0.09870127000000001,0.08373533000000001,0.0672192
nor2x4,0.2823,0.1758,0.15054990000000001,0.1613485,0.1455495,0.1153677
nor2x4,0.6507,0.0005,0.02664631,0.03765073,0.051696780000000005,0.04031714
nor2x4,0.6507,0.0013,0.0288184,0.03981591,0.053241909999999996,0.04181297
nor2x4,0.6507,0.0035,0.0343956,0.04541601,0.05724047,0.04572625
nor2x4,0.6507,0.0094,0.04730047,0.05849918,0.06697055,0.05457268
nor2x4,0.6507,0.0249,0.07376342,0.08586939,0.08778248000000001,0.0728853
nor2x4,0.6507,0.0662,0.1242564,0.138861,0.1270811,0.1071959
nor2x4,0.6507,0.1758,0.21268569999999998,0.23186009999999999,0.1960158,0.1653975
nor2x4,1.5,0.0005,0.020415879999999997,0.05254425,0.09792766,0.08154093
nor2x4,1.5,0.0013,0.02348875,0.055398140000000005,0.09965017,0.08329096
nor2x4,1.5,0.0035,0.0313848,0.06285719,0.1044523,0.08793377000000001
nor2x4,1.5,0.0094,0.04974938,0.08056289000000001,0.1166462,0.09935787
nor2x4,1.5,0.0249,0.08764443000000001,0.11811209999999998,0.1444148,0.12390399999999999
nor2x4,1.5,0.0662,0.1603128,0.1923875,0.2012227,0.1725336
nor2x4,1.5,0.1758,0.29146839999999996,0.3295076,0.3024155,0.2609531
maj3x1,0.01,0.0005,0.04128676,0.043062529999999995,0.011160320000000001,0.016472109999999998
maj3x1,0.01,0.0013,0.04323175,0.04425113,0.01202116,0.01851928
maj3x1,0.01,0.0035,0.04838125,0.047196039999999995,0.01437103,0.02411303
maj3x1,0.01,0.0094,0.06128288999999999,0.053791,0.02063048,0.039102269999999995
maj3x1,0.01,0.0249,0.0927128,0.06798146,0.03756227,0.07858096
maj3x1,0.01,0.0662,0.17325459999999998,0.1020748,0.08496081,0.1837721
maj3x1,0.01,0.1758,0.3851264,0.19101100000000001,0.213754,0.46278779999999997
maj3x1,0.0231,0.0005,0.04417038,0.04473304,0.011208049999999999,0.01649592
maj3x1,0.0231,0.0013,0.046102910000000004,0.045918110000000005,0.0120569,0.018539339999999998
maj3x1,0.0231,0.0035,0.05122336,0.048854669999999996,0.0144034,0.02413184
maj3x1,0.0231,0.0094,0.0640988,0.055443559999999996,0.02065158,0.03911242
maj3x1,0.0231,0.0249,0.09557259,0.06963874,0.03756462,0.07858437
maj3x1,0.0231,0.0662,0.1761861,0.1037412,0.08496252,0.1837732
maj3x1,0.0231,0.1758,0.3880846,0.19268100000000002,0.2137542,0.4627885
maj3x1,0.0531,0.0005,0.050960759999999994,0.04995534,0.01141169,0.0165777
maj3x1,0.0531,0.0013,0.05285161,0.05113577,0.01218904,0.01864801
maj3x1,0.0531,0.0035,0.057868579999999996,0.05404732,0.014581340000000002,0.02422055
maj3x1,0.0531,0.0094,0.07061905,0.060591879999999994,0.02078479,0.03915342
maj3x1,0.0531,0.0249,0.1021885,0.07477967,0.03762028,0.07859504
maj3x1,0.0531,0.0662,0.1831122,0.1088959,0.08497653,0.1837769
maj3x1,0.0531,0.1758,0.3952241,0.19785049999999998,0.2137592,0.4627916
maj3x1,0.1225,0.0005,0.06498864,0.06307396000000001,0.01262926,0.01747083
maj3x1,0.1225,0.0013,0.06686141999999999,0.06426383,0.01371971,0.01959816
maj3x1,0.1225,0.0035,0.07184135,0.06721126,0.015830359999999998,0.02493383
maj3x1,0.1225,0.0094,0.08445112,0.07380259,0.02154391,0.03950686
maj3x1,0.1225,0.0249,0.1160226,0.08804408999999999,0.03792589,0.07863006
maj3x1,0.1225,0.0662,0.1973223,0.1222354,0.08505456,0.1838071
maj3x1,0.1225,0.1758,0.40982480000000004,0.211247,0.2137641,0.4627963
maj3x1,0.2823,0.0005,0.08578384,0.08207768,0.016134620000000002,0.01887124
maj3x1,0.2823,0.0013,0.08773929,0.08345583,0.01659263,0.02106393
maj3x1,0.2823,0.0035,0.09284153,0.08687966,0.01862211,0.026205449999999998
maj3x1,0.2823,0.0094,0.10564180000000001,0.09413821,0.024071429999999998,0.04076661
maj3x1,0.2823,0.0249,0.1374903,0.1091536,0.039817120000000004,0.07965401999999999
maj3x1,0.2823,0.0662,0.2190268,0.1440333,0.0860591,0.1840213
maj3x1,0.2823,0.1758,0.4318704,0.2331918,0.2139452,0.4628025
maj3x1,0.6507,0.0005,0.1147436,0.10403699999999999,0.0217831,0.02297864
maj3x1,0.6507,0.0013,0.1170548,0.1058663,0.02257629,0.02497312
maj3x1,0.6507,0.0035,0.1226733,0.1102341,0.024679009999999998,0.02973924
maj3x1,0.6507,0.0094,0.1360048,0.11924209999999999,0.03012163,0.04346776
maj3x1,0.6507,0.0249,0.1678057,0.1359612,0.04388311,0.08081808
maj3x1,0.6507,0.0662,0.2495575,0.1714077,0.08756711,0.1851922
maj3x1,0.6507,0.1758,0.46299779999999996,0.2611334,0.2151039,0.4633508
maj3x1,1.5,0.0005,0.1529556,0.1273178,0.03059211,0.030710130000000002
maj3x1,1.5,0.0013,0.1558962,0.129688,0.03192716,0.03298259
maj3x1,1.5,0.0035,0.16324660000000002,0.1354804,0.035014489999999995,0.03860726
maj3x1,1.5,0.0094,0.17930110000000002,0.147593,0.04163802,0.05164813
maj3x1,1.5,0.0249,0.212927,0.1690709,0.05486851,0.08567670000000001
maj3x1,1.5,0.0662,0.2944643,0.2078086,0.09337945,0.1862491
maj3x1,1.5,0.1758,0.5079180999999999,0.2981265,0.2165814,0.4644611
maj3x2,0.01,0.0005,0.03985746,0.04181334,0.01082222,0.01561301
maj3x2,0.01,0.0013,0.040815470000000006,0.042430670000000004,0.011259410000000001,0.01661298
maj3x2,0.01,0.0035,0.043389739999999996,0.04402598,0.012441200000000001,0.019347009999999998
maj3x2,0.01,0.0094,0.04997454,0.047794029999999994,0.015580250000000002,0.02664238
maj3x2,0.01,0.0249,0.06602609,0.05594524,0.023850399999999997,0.045827120000000006
maj3x2,0.01,0.0662,0.10596739999999999,0.07408609000000001,0.04677318,0.09707031
maj3x2,0.01,0.1758,0.2090794,0.1190142,0.1103968,0.2330191
maj3x2,0.0231,0.0005,0.042729989999999995,0.04345112,0.010857319999999998,0.01562848
maj3x2,0.0231,0.0013,0.04368061,0.04406616,0.011284069999999998,0.016636409999999997
maj3x2,0.0231,0.0035,0.04623861,0.04565543,0.012471639999999999,0.01935994
maj3x2,0.0231,0.0094,0.052790250000000004,0.04941596,0.015612479999999998,0.02664963
maj3x2,0.0231,0.0249,0.06882674,0.05756284,0.02386554,0.04582957
maj3x2,0.0231,0.0662,0.10882839999999999,0.07571085,0.04677551,0.09707299
maj3x2,0.0231,0.1758,0.2120001,0.1206464,0.1103984,0.23302040000000002
maj3x2,0.0531,0.0005,0.04953723,0.04855385,0.01110336,0.015791640000000003
maj3x2,0.0531,0.0013,0.050461059999999995,0.049157740000000005,0.01141614,0.016696390000000002
maj3x2,0.0531,0.0035,0.0529608,0.05074118,0.01261422,0.01948445
maj3x2,0.0531,0.0094,0.059392740000000006,0.0544641,0.01569551,0.02674688
maj3x2,0.0531,0.0249,0.07533891,0.06257539000000001,0.0239699,0.04587695
maj3x2,0.0531,0.0662,0.1155166,0.08072564,0.046813089999999995,0.09707544
maj3x2,0.0531,0.1758,0.2189841,0.12568020000000002,0.1104057,0.2330265
maj3x2,0.1225,0.0005,0.06348273,0.061034990000000004,0.01249447,0.016715380000000002
maj3x2,0.1225,0.0013,0.06441536,0.06167001,0.01269054,0.0174757
maj3x2,0.1225,0.0035,0.06691527,0.06328381,0.01404306,0.02032811
maj3x2,0.1225,0.0094,0.07329037,0.0670726,0.01708755,0.027281740000000002
maj3x2,0.1225,0.0249,0.08910121,0.07527555,0.024535329999999998,0.04607275
maj3x2,0.1225,0.0662,0.1293824,0.09346928,0.04707383,0.09713279
maj3x2,0.1225,0.1758,0.23325900000000002,0.13849730000000002,0.1104555,0.23304039999999998
maj3x2,0.2823,0.0005,0.08417546000000001,0.07826968,0.01551829,0.01831815
maj3x2,0.2823,0.0013,0.0851504,0.07899392000000001,0.01585481,0.0191044
maj3x2,0.2823,0.0035,0.08775684,0.08089449,0.01721135,0.02186299
maj3x2,0.2823,0.0094,0.09428308,0.08516776999999999,0.019849699999999998,0.028773040000000003
maj3x2,0.2823,0.0249,0.11029950000000001,0.0940721,0.02711802,0.04731193
maj3x2,0.2823,0.0662,0.1509453,0.11304499999999999,0.048735810000000004,0.09787333000000001
maj3x2,0.2823,0.1758,0.2549922,0.1587073,0.1112523,0.233087
maj3x2,0.6507,0.0005,0.11325310000000001,0.09734422000000001,0.02082115,0.02219724
maj3x2,0.6507,0.0013,0.11437670000000001,0.09827473,0.021497600000000002,0.02312422
maj3x2,0.6507,0.0035,0.11741869999999999,0.1006659,0.02274404,0.02579964
maj3x2,0.6507,0.0094,0.12455450000000001,0.1061071,0.02565556,0.03229614
maj3x2,0.6507,0.0249,0.1410755,0.1167388,0.032348499999999995,0.04958163
maj3x2,0.6507,0.0662,0.1815167,0.1371031,0.051785790000000005,0.09890407
maj3x2,0.6507,0.1758,0.2861001,0.1830603,0.1123774,0.2341965
maj3x2,1.5,0.0005,0.15290510000000002,0.1155058,0.02961904,0.029365710000000003
maj3x2,1.5,0.0013,0.15438269999999998,0.1167374,0.03023372,0.030349090000000002
maj3x2,1.5,0.0035,0.1583229,0.1198612,0.03196619,0.03357836
maj3x2,1.5,0.0094,0.1675379,0.12706920000000002,0.03590795,0.040818110000000005
maj3x2,1.5,0.0249,0.1868321,0.1412187,0.04385941,0.057296269999999996
maj3x2,1.5,0.0662,0.22863850000000002,0.1662608,0.06146553,0.10259309999999999
maj3x2,1.5,0.1758,0.33274729999999997,0.214623,0.11672149999999999,0.2349571
maj3x4,0.01,0.0005,0.0392811,0.04152925,0.01068701,0.01520187
maj3x4,0.01,0.0013,0.03976111,0.04184384,0.01090536,0.015700090000000003
maj3x4,0.01,0.0035,0.04106534,0.04268008,0.01150511,0.01705981
maj3x4,0.01,0.0094,0.0444598,0.044753810000000005,0.01308627,0.02068572
maj3x4,0.01,0.0249,0.05288571,0.04945597,0.017205119999999997,0.03018002
maj3x4,0.01,0.0662,0.07363588,0.05970097,0.02834106,0.05555989
maj3x4,0.01,0.1758,0.125624,0.08308453,0.05933262,0.123052
maj3x4,0.0231,0.0005,0.04215653,0.043128230000000004,0.01072994,0.015226700000000001
maj3x4,0.0231,0.0013,0.042633859999999996,0.04344208,0.01094701,0.01571047
maj3x4,0.0231,0.0035,0.04392737,0.04427476,0.011540390000000001,0.017080190000000002
maj3x4,0.0231,0.0094,0.0473004,0.04634261,0.0131272,0.020706600000000002
maj3x4,0.0231,0.0249,0.055691700000000004,0.05103518,0.01723116,0.03019011
maj3x4,0.0231,0.0662,0.07644605,0.06127929,0.02835138,0.055563669999999996
maj3x4,0.0231,0.1758,0.1285039,0.08467083,0.0593331,0.12305369999999999
maj3x4,0.0531,0.0005,0.04897414,0.04811732,0.0110159,0.01534363
maj3x4,0.0531,0.0013,0.04944595,0.048426369999999996,0.01120003,0.015880079999999998
maj3x4,0.0531,0.0035,0.05070572,0.0492454,0.01171041,0.01719091
maj3x4,0.0531,0.0094,0.05400429,0.05129975,0.01329999,0.02079753
maj3x4,0.0531,0.0249,0.06226503,0.055959310000000005,0.01736274,0.03025383
maj3x4,0.0531,0.0662,0.08299029999999999,0.06616843,0.02840838,0.0555928
maj3x4,0.0531,0.1758,0.1352913,0.08956558,0.05936009999999999,0.12306479999999999
maj3x4,0.1225,0.0005,0.06295566,0.060202349999999995,0.01247668,0.01644904
maj3x4,0.1225,0.0013,0.06342361,0.060526039999999996,0.01267039,0.01682323
maj3x4,0.1225,0.0035,0.06469204,0.061398869999999994,0.01302844,0.01804687
maj3x4,0.1225,0.0094,0.06797767,0.06349315999999999,0.0146847,0.02164007
maj3x4,0.1225,0.0249,0.07617127,0.06821673,0.01845371,0.030730530000000002
maj3x4,0.1225,0.0662,0.09677168000000001,0.07850489000000001,0.02895553,0.055757970000000004
maj3x4,0.1225,0.1758,0.1492798,0.1019914,0.05955179,0.1231082
maj3x4,0.2823,0.0005,0.08385954999999999,0.07650295,0.0157767,0.017941589999999997
maj3x4,0.2823,0.0013,0.08433744,0.07687942,0.01593234,0.018411249999999997
maj3x4,0.2823,0.0035,0.085672,0.077854,0.01622734,0.01941338
maj3x4,0.2823,0.0094,0.08905686,0.08025134,0.01770098,0.02296376
maj3x4,0.2823,0.0249,0.09742444,0.08553977,0.02110943,0.03219364
maj3x4,0.2823,0.0662,0.11822310000000001,0.09655124,0.03122543,0.05695215
maj3x4,0.2823,0.1758,0.1710523,0.1207081,0.06103119,0.1236328
maj3x4,0.6507,0.0005,0.113758,0.0934346,0.02089923,0.0218773
maj3x4,0.6507,0.0013,0.1143323,0.09391118,0.02123417,0.02239852
maj3x4,0.6507,0.0035,0.1159027,0.09517745,0.02189143,0.023497999999999998
maj3x4,0.6507,0.0094,0.1197805,0.09828854000000001,0.02356313,0.02691309
maj3x4,0.6507,0.0249,0.1288101,0.10488990000000001,0.02705281,0.03542051
maj3x4,0.6507,0.0662,0.149972,0.11769850000000001,0.03612144,0.058732879999999994
maj3x4,0.6507,0.1758,0.20260830000000002,0.14291579999999998,0.0631549,0.12454590000000001
maj3x4,1.5,0.0005,0.15596469999999998,0.1074112,0.0293693,0.02924235
maj3x4,1.5,0.0013,0.15676,0.1080277,0.02960635,0.02990331
maj3x4,1.5,0.0035,0.1588079,0.1096542,0.030719459999999997,0.0312385
maj3x4,1.5,0.0094,0.16392099999999998,0.1136968,0.03300601,0.0354229
maj3x4,1.5,0.0249,0.17535240000000002,0.12250939999999999,0.0379071,0.04434491
maj3x4,1.5,0.0662,0.199285,0.1394044,0.047690659999999996,0.06579995000000001
maj3x4,1.5,0.1758,0.25272870000000003,0.1690394,0.07167169999999999,0.12722920000000001
