"invx1  |  cell_rise  (rows=input_transition, cols=cload)  [ns]"
tin \ cload,0.0005,0.0013,0.0035,0.0094,0.0249,0.0662,0.1758
0.0100 ns,0.008135234,0.01017942,0.01536145,0.02819348,0.0608389,0.1472097,0.3761449
0.0231 ns,0.01141006,0.01325575,0.01824131,0.03110735,0.06388934,0.1503523,0.3793296
0.0531 ns,0.01558567,0.01887893,0.02545186,0.03818373,0.07099852,0.1575786,0.3866306
0.1225 ns,0.02101248,0.02627446,0.03670843,0.05477405,0.08790141,0.1744487,0.4035761
0.2823 ns,0.02791466,0.03575003,0.05197116,0.0807789,0.1269109,0.2138676,0.4428236
0.6507 ns,0.03777923,0.04872515,0.07220071,0.1162773,0.1896255,0.3056745,0.5340857
1.5000 ns,0.05300047,0.0677602,0.1003644,0.1638426,0.2760206,0.4604625,0.7475867

"invx1  |  cell_fall  (rows=input_transition, cols=cload)  [ns]"
tin \ cload,0.0005,0.0013,0.0035,0.0094,0.0249,0.0662,0.1758
0.0100 ns,0.008627616,0.01049524,0.01520603,0.02680815,0.05627603,0.1342539,0.3409646
0.0231 ns,0.01115819,0.01300109,0.01771054,0.02949138,0.05913477,0.1372033,0.3439514
0.0531 ns,0.01472688,0.01771395,0.02391218,0.03593032,0.06575419,0.1439759,0.3507968
0.1225 ns,0.01880971,0.02349076,0.03313985,0.05047288,0.08140189,0.1597431,0.3666735
0.2823 ns,0.0226326,0.02975002,0.04456778,0.07149147,0.11601,0.1964775,0.4033949
0.6507 ns,0.02407382,0.03464076,0.05676596,0.0976213,0.1665882,0.2792546,0.4886352
1.5000 ns,0.0185402,0.03356688,0.06571366,0.1261364,0.2305824,0.4048946,0.6849869

"invx1  |  rise_transition  (rows=input_transition, cols=cload)  [ns]"
tin \ cload,0.0005,0.0013,0.0035,0.0094,0.0249,0.0662,0.1758
0.0100 ns,0.004833308,0.007279921,0.01400074,0.03202793,0.07938844,0.2055806,0.5404638
0.0231 ns,0.005942004,0.007752228,0.01401806,0.03203504,0.07939049,0.2055815,0.5404641
0.0531 ns,0.01065336,0.012721,0.01694081,0.03236356,0.07940323,0.2055839,0.5404663
0.1225 ns,0.01765569,0.02078193,0.02770354,0.04002084,0.08037473,0.2055995,0.5404706
0.2823 ns,0.02862102,0.03417185,0.04536098,0.06402325,0.09702053,0.2070014,0.5404718
0.6507 ns,0.04965447,0.0574696,0.07462705,0.1054697,0.1531483,0.2415769,0.5416475
1.5000 ns,0.09361359,0.1031964,0.1264335,0.1733607,0.2520215,0.371645,0.6098326

"invx1  |  fall_transition  (rows=input_transition, cols=cload)  [ns]"
tin \ cload,0.0005,0.0013,0.0035,0.0094,0.0249,0.0662,0.1758
0.0100 ns,0.003646278,0.005591086,0.01094851,0.02532998,0.06312236,0.1638223,0.4310562
0.0231 ns,0.004277945,0.005889822,0.0109596,0.02533951,0.06312615,0.1638227,0.4310567
0.0531 ns,0.007409113,0.009512824,0.01344317,0.02567656,0.06314538,0.1638262,0.4310587
0.1225 ns,0.0128902,0.01589899,0.0221437,0.03300859,0.06442175,0.163854,0.4310614
0.2823 ns,0.0221264,0.0268219,0.03644418,0.05331783,0.08168884,0.1661909,0.4310677
0.6507 ns,0.04080579,0.04755511,0.06158407,0.08744499,0.1303768,0.2035973,0.434183
1.5000 ns,0.08163827,0.09006477,0.1093928,0.1467429,0.2120422,0.3200775,0.5109379


"invx2  |  cell_rise  (rows=input_transition, cols=cload)  [ns]"
tin \ cload,0.0005,0.0013,0.0035,0.0094,0.0249,0.0662,0.1758
0.0100 ns,0.007355296,0.008383038,0.01106669,0.01767115,0.03392591,0.07628654,0.1881964
0.0231 ns,0.01052695,0.01169094,0.01413321,0.02058655,0.03692234,0.07941625,0.1914045
0.0531 ns,0.01444518,0.01631708,0.02042187,0.02796277,0.04410223,0.08667155,0.1987735
0.1225 ns,0.01966508,0.02264883,0.02912724,0.04131703,0.06155831,0.1038119,0.21594
0.2823 ns,0.02721424,0.03153759,0.04128926,0.06025412,0.09247013,0.1443687,0.2559292
0.6507 ns,0.03959141,0.04553941,0.05925967,0.08704938,0.1369482,0.2193907,0.349667
1.5000 ns,0.0621609,0.06994837,0.08856614,0.127457,0.2001932,0.3279752,0.5333787

"invx2  |  cell_fall  (rows=input_transition, cols=cload)  [ns]"
tin \ cload,0.0005,0.0013,0.0035,0.0094,0.0249,0.0662,0.1758
0.0100 ns,0.007735459,0.008678162,0.01111876,0.01708017,0.03168252,0.06974104,0.1703287
0.0231 ns,0.01002165,0.01111647,0.01353477,0.01953966,0.03432876,0.07253245,0.1731887
0.0531 ns,0.01275992,0.01443709,0.01827765,0.02569187,0.04059365,0.07897354,0.1797506
0.1225 ns,0.01530717,0.01793698,0.02386526,0.03541187,0.05535086,0.09411026,0.195009
0.2823 ns,0.016369,0.02030807,0.02927795,0.04694849,0.07776372,0.1292442,0.2304695
0.6507 ns,0.01243849,0.0182879,0.03155823,0.05780657,0.1046426,0.1840625,0.3132339
1.5000 ns,-0.003695311,0.004428258,0.0233191,0.06150835,0.1307453,0.2512055,0.4501848

"invx2  |  rise_transition  (rows=input_transition, cols=cload)  [ns]"
tin \ cload,0.0005,0.0013,0.0035,0.0094,0.0249,0.0662,0.1758
0.0100 ns,0.003891519,0.00508249,0.008350973,0.01711973,0.04016816,0.1015779,0.2645445
0.0231 ns,0.005349531,0.00609438,0.008626446,0.01711966,0.04017343,0.1015799,0.2645449
0.0531 ns,0.009527523,0.01080892,0.01329784,0.01921571,0.04019134,0.1015799,0.2645475
0.1225 ns,0.01590404,0.01771846,0.02215248,0.02986798,0.04586061,0.1017063,0.2645612
0.2823 ns,0.02627381,0.02920499,0.03614244,0.04891754,0.0697797,0.1134993,0.264564
0.6507 ns,0.04635355,0.05042896,0.060211,0.0804442,0.1146113,0.16802,0.2873591
1.5000 ns,0.08995992,0.09456609,0.1068355,0.1348385,0.1882667,0.27573,0.4089137

"invx2  |  fall_transition  (rows=input_transition, cols=cload)  [ns]"
tin \ cload,0.0005,0.0013,0.0035,0.0094,0.0249,0.0662,0.1758
0.0100 ns,0.002967171,0.003905621,0.00651486,0.01350774,0.03189788,0.08089872,0.2109383
0.0231 ns,0.003917543,0.004565173,0.006762251,0.01352647,0.03190261,0.08090078,0.2109394
0.0531 ns,0.00669624,0.007864413,0.01044542,0.01558852,0.03202747,0.08090452,0.2109433
0.1225 ns,0.01165292,0.01361634,0.01743306,0.02465172,0.03824001,0.0813674,0.2109615
0.2823 ns,0.02014912,0.02287772,0.02896944,0.04041178,0.05994336,0.09547203,0.211487
0.6507 ns,0.03826374,0.04197751,0.05043029,0.06722276,0.09711931,0.1471255,0.2410032
1.5000 ns,0.07887558,0.08302125,0.09377263,0.1170412,0.1604569,0.2367104,0.3617329


"invx4  |  cell_rise  (rows=input_transition, cols=cload)  [ns]"
tin \ cload,0.0005,0.0013,0.0035,0.0094,0.0249,0.0662,0.1758
0.0100 ns,0.006958457,0.007475902,0.008861795,0.01236072,0.02079993,0.0421313,0.09788264
0.0231 ns,0.009988401,0.01065096,0.01208788,0.01533334,0.02367528,0.04512543,0.1010001
0.0531 ns,0.01354987,0.01461873,0.01706432,0.02203622,0.03091299,0.05222945,0.1082055
0.1225 ns,0.01831644,0.01991944,0.0237464,0.03167352,0.04570666,0.06942352,0.1251652
0.2823 ns,0.02562078,0.02787267,0.03336253,0.0451513,0.06711998,0.1042168,0.1651857
0.6507 ns,0.03853312,0.04156864,0.04904869,0.06548708,0.09760362,0.1552618,0.2489967
1.5000 ns,0.06365989,0.06749187,0.07725145,0.09945171,0.1441034,0.2282693,0.3741487

"invx4  |  cell_fall  (rows=input_transition, cols=cload)  [ns]"
tin \ cload,0.0005,0.0013,0.0035,0.0094,0.0249,0.0662,0.1758
0.0100 ns,0.007241628,0.007710822,0.008963752,0.01208825,0.01956858,0.03845072,0.08785762
0.0231 ns,0.009291937,0.009892383,0.01133469,0.01441415,0.02198891,0.04105303,0.0905777
0.0531 ns,0.01144609,0.0123514,0.01456725,0.01927813,0.0279921,0.04715043,0.09684213
0.1225 ns,0.01300891,0.01439428,0.01782435,0.0250584,0.03846141,0.06179188,0.1115027
0.2823 ns,0.01252208,0.0145948,0.01966335,0.03047619,0.05084301,0.08653765,0.1459465
0.6507 ns,0.006015128,0.009064644,0.01648005,0.03230677,0.06233543,0.1161918,0.2069336
1.5000 ns,-0.01483684,-0.0107104,-0.0004400938,0.02213191,0.06571738,0.1448802,0.2817508

"invx4  |  rise_transition  (rows=input_transition, cols=cload)  [ns]"
tin \ cload,0.0005,0.0013,0.0035,0.0094,0.0249,0.0662,0.1758
0.0100 ns,0.003466913,0.004057016,0.005671307,0.01000839,0.02141293,0.05180445,0.1324514
0.0231 ns,0.005204687,0.005492835,0.006493626,0.01008562,0.02142068,0.05180782,0.1324527
0.0531 ns,0.009100532,0.009717039,0.01124617,0.01427201,0.02278133,0.05182995,0.1324602
0.1225 ns,0.01501893,0.01633813,0.01899213,0.02408353,0.0330873,0.05545755,0.1324891
0.2823 ns,0.02497649,0.02656712,0.03061252,0.03916859,0.05386193,0.07825519,0.1396348
0.6507 ns,0.04479233,0.04677845,0.05212668,0.06442053,0.08828401,0.1277814,0.1893178
1.5000 ns,0.08860393,0.09079993,0.09683956,0.1122839,0.1458915,0.2089807,0.308596

"invx4  |  fall_transition  (rows=input_transition, cols=cload)  [ns]"
tin \ cload,0.0005,0.0013,0.0035,0.0094,0.0249,0.0662,0.1758
0.0100 ns,0.00264543,0.003109996,0.004378072,0.00780197,0.01682384,0.04086258,0.1046624
0.0231 ns,0.00377337,0.004105388,0.005062084,0.007972356,0.01683504,0.04086699,0.1046644
0.0531 ns,0.006506969,0.00693563,0.008371697,0.01161248,0.01834797,0.04088489,0.1046764
0.1225 ns,0.0111901,0.01191721,0.01430009,0.01912813,0.02766081,0.04550525,0.104712
0.2823 ns,0.01865021,0.02031758,0.02356967,0.03096743,0.04430947,0.06749083,0.1149452
0.6507 ns,0.03622987,0.03811857,0.04276433,0.05285364,0.07233189,0.1074737,0.1661876
1.5000 ns,0.07685839,0.07864851,0.08384708,0.09675751,0.1235459,0.1740567,0.2628599


"invx8  |  cell_rise  (rows=input_transition, cols=cload)  [ns]"
tin \ cload,0.0005,0.0013,0.0035,0.0094,0.0249,0.0662,0.1758
0.0100 ns,0.006745994,0.007017289,0.007725287,0.009572681,0.01407683,0.02514529,0.05337253
0.0231 ns,0.009730662,0.01009411,0.01098088,0.01273521,0.01699734,0.02803963,0.05640477
0.0531 ns,0.01323538,0.01378382,0.01518284,0.01823876,0.02414194,0.03521204,0.06353254
0.1225 ns,0.0180916,0.01891248,0.02107204,0.02583182,0.03511577,0.05153577,0.08064957
0.2823 ns,0.0259376,0.02709718,0.03005272,0.03693203,0.05093151,0.07663116,0.1190921
0.6507 ns,0.04034432,0.04190132,0.04589354,0.05529756,0.07498165,0.1130168,0.1794119
1.5000 ns,0.06936055,0.07127462,0.07634203,0.08870384,0.1155297,0.1688952,0.2671528

"invx8  |  cell_fall  (rows=input_transition, cols=cload)  [ns]"
tin \ cload,0.0005,0.0013,0.0035,0.0094,0.0249,0.0662,0.1758
0.0100 ns,0.007069026,0.007310759,0.007960158,0.009623839,0.01364555,0.02346579,0.04853037
0.0231 ns,0.009012875,0.009321574,0.01012649,0.01193647,0.01592269,0.02588019,0.05111549
0.0531 ns,0.01090432,0.01136161,0.01258501,0.01541784,0.02111434,0.03175039,0.0571279
0.1225 ns,0.01190799,0.01260235,0.01445423,0.01879252,0.02753901,0.04351279,0.07142166
0.2823 ns,0.01013254,0.01127781,0.01402515,0.02048383,0.03352905,0.05786151,0.09959314
0.6507 ns,0.00122743,0.002821341,0.0068904,0.01623958,0.03531098,0.07132779,0.1345749
1.5000 ns,-0.02441252,-0.02232457,-0.01687772,-0.003924371,0.02328248,0.07549538,0.1688668

"invx8  |  rise_transition  (rows=input_transition, cols=cload)  [ns]"
tin \ cload,0.0005,0.0013,0.0035,0.0094,0.0249,0.0662,0.1758
0.0100 ns,0.003301732,0.003593623,0.004403235,0.006574837,0.01229652,0.02755296,0.06803302
0.0231 ns,0.005134012,0.005272975,0.005722244,0.007179524,0.01231718,0.0275602,0.06803352
0.0531 ns,0.008779068,0.009257033,0.01003527,0.01218554,0.01578185,0.02820409,0.06803853
0.1225 ns,0.01471053,0.01492816,0.01693981,0.01994382,0.02597034,0.03673279,0.06978769
0.2823 ns,0.02457182,0.02541162,0.02748566,0.03240715,0.04239668,0.05968701,0.08857202
0.6507 ns,0.04470164,0.04572213,0.04843868,0.05505611,0.06957748,0.09744519,0.1423312
1.5000 ns,0.09005664,0.0910892,0.09390378,0.1015949,0.1203167,0.1601937,0.2324316

"invx8  |  fall_transition  (rows=input_transition, cols=cload)  [ns]"
tin \ cload,0.0005,0.0013,0.0035,0.0094,0.0249,0.0662,0.1758
0.0100 ns,0.002555446,0.002776168,0.003411632,0.005137145,0.009678274,0.02181419,0.05402976
0.0231 ns,0.003711684,0.003908283,0.004350708,0.005680046,0.009706912,0.02181799,0.05403374
0.0531 ns,0.006291084,0.006655527,0.00733555,0.00930041,0.01298549,0.0227544,0.05405468
0.1225 ns,0.01053139,0.01140941,0.01247004,0.01528922,0.02111905,0.03164379,0.05686657
0.2823 ns,0.01882307,0.01941307,0.0214332,0.02566306,0.03446629,0.05031064,0.07760596
0.6507 ns,0.03680282,0.03773434,0.0402848,0.04611543,0.0582692,0.08159863,0.1225998
1.5000 ns,0.07923562,0.08004499,0.08247511,0.08917857,0.1051754,0.1375783,0.1973832


"nand2x1  |  cell_rise  (rows=input_transition, cols=cload)  [ns]"
tin \ cload,0.0005,0.0013,0.0035,0.0094,0.0249,0.0662,0.1758
0.0100 ns,0.01119113,0.01332816,0.01884919,0.03229455,0.06542028,0.1520403,0.3810797
0.0231 ns,0.01418745,0.01611047,0.02132459,0.03474895,0.06819638,0.1550874,0.3842669
0.0531 ns,0.02030619,0.02288547,0.02839351,0.041332,0.0748031,0.1620317,0.3914558
0.1225 ns,0.02863116,0.03266328,0.04149825,0.05813816,0.09120141,0.1784149,0.4081391
0.2823 ns,0.04091636,0.04689789,0.06038337,0.0863973,0.1305253,0.2174064,0.4469764
0.6507 ns,0.06175213,0.07000426,0.08911591,0.1279089,0.1966555,0.3097742,0.5380283
1.5000 ns,0.1008591,0.1119763,0.1380805,0.1923356,0.29416,0.4703406,0.7527165

"nand2x1  |  cell_fall  (rows=input_transition, cols=cload)  [ns]"
tin \ cload,0.0005,0.0013,0.0035,0.0094,0.0249,0.0662,0.1758
0.0100 ns,0.009493549,0.01083635,0.01431006,0.02301157,0.04513883,0.1036547,0.2587462
0.0231 ns,0.01174571,0.01307224,0.01657588,0.02541173,0.04767582,0.1062668,0.2613901
0.0531 ns,0.01485893,0.01700064,0.02181032,0.03125388,0.05364155,0.1123452,0.2675248
0.1225 ns,0.01779196,0.02113201,0.02840772,0.0426687,0.06783321,0.1265612,0.2817977
0.2823 ns,0.0187182,0.02363582,0.03471548,0.05643572,0.09436808,0.1598463,0.3148876
0.6507 ns,0.01273501,0.02002947,0.03652844,0.06896947,0.1265626,0.2243303,0.3920518
1.5000 ns,-0.01195625,-0.001386923,0.02275221,0.0707433,0.1566858,0.3048152,0.5501339

"nand2x1  |  rise_transition  (rows=input_transition, cols=cload)  [ns]"
tin \ cload,0.0005,0.0013,0.0035,0.0094,0.0249,0.0662,0.1758
0.0100 ns,0.00767768,0.01011936,0.01683876,0.03486649,0.0822257,0.2084181,0.5433014
0.0231 ns,0.007801603,0.01013624,0.01685325,0.03486915,0.08222853,0.2084182,0.5433014
0.0531 ns,0.01256044,0.01392975,0.01863413,0.03490291,0.08224065,0.2084252,0.5433027
0.1225 ns,0.02062236,0.02326002,0.02912064,0.04141239,0.08282047,0.2084349,0.543303
0.2823 ns,0.03251223,0.03708239,0.04675791,0.06467659,0.09824389,0.2095108,0.5433089
0.6507 ns,0.05385099,0.06011369,0.07490158,0.1040151,0.152039,0.242372,0.544271
1.5000 ns,0.09727438,0.1049127,0.1241522,0.1663321,0.2437307,0.3668454,0.6098901

"nand2x1  |  fall_transition  (rows=input_transition, cols=cload)  [ns]"
tin \ cload,0.0005,0.0013,0.0035,0.0094,0.0249,0.0662,0.1758
0.0100 ns,0.005245684,0.006725812,0.01081064,0.02173978,0.05041374,0.1267889,0.3294539
0.0231 ns,0.005826518,0.007039595,0.01081882,0.02174799,0.05041921,0.1267907,0.3294542
0.0531 ns,0.008985977,0.01061836,0.01386682,0.02275676,0.05044555,0.1267967,0.3294583
0.1225 ns,0.01466443,0.0168633,0.02163881,0.03142574,0.05375254,0.1268222,0.32947
0.2823 ns,0.02416866,0.02736058,0.03460264,0.04875066,0.07436407,0.1341285,0.3294736
0.6507 ns,0.04368003,0.04832223,0.05872119,0.0791895,0.115962,0.181519,0.3430037
1.5000 ns,0.08457591,0.09083762,0.105477,0.1348121,0.1879754,0.2821217,0.4472764


"nand2x2  |  cell_rise  (rows=input_transition, cols=cload)  [ns]"
tin \ cload,0.0005,0.0013,0.0035,0.0094,0.0249,0.0662,0.1758
0.0100 ns,0.01039435,0.01145915,0.01428774,0.02132918,0.03817908,0.08094185,0.1930458
0.0231 ns,0.01351675,0.01444393,0.01702922,0.02380614,0.04075979,0.08386035,0.1961945
0.0531 ns,0.01947141,0.0208578,0.02414093,0.03084374,0.04742082,0.09067729,0.2033416
0.1225 ns,0.02772206,0.02987276,0.03501134,0.04557792,0.06454101,0.1072826,0.2200884
0.2823 ns,0.04032629,0.04349824,0.05123375,0.06754465,0.09729566,0.1476005,0.2595946
0.6507 ns,0.06285628,0.06720674,0.07789302,0.1013208,0.1464997,0.2251043,0.3533639
1.5000 ns,0.1069283,0.1127199,0.1271438,0.1592143,0.2231733,0.3420252,0.5409341

"nand2x2  |  cell_fall  (rows=input_transition, cols=cload)  [ns]"
tin \ cload,0.0005,0.0013,0.0035,0.0094,0.0249,0.0662,0.1758
0.0100 ns,0.008757237,0.009432198,0.01120633,0.01564121,0.02660503,0.05516397,0.1306034
0.0231 ns,0.01087598,0.01163062,0.01338657,0.01787151,0.02897958,0.05765518,0.1331521
0.0531 ns,0.01339566,0.01451635,0.01730259,0.02319693,0.0346909,0.06348861,0.1390781
0.1225 ns,0.01531279,0.01707836,0.02133221,0.0302135,0.04681135,0.07728528,0.1529103
0.2823 ns,0.01450314,0.01713742,0.0234125,0.03684025,0.06194246,0.1059831,0.1851891
0.6507 ns,0.00518549,0.009063574,0.01843658,0.03833693,0.07582701,0.1423608,0.2544621
1.5000 ns,-0.0262459,-0.02065991,-0.007010537,0.02227169,0.07775698,0.1769566,0.3460486

"nand2x2  |  rise_transition  (rows=input_transition, cols=cload)  [ns]"
tin \ cload,0.0005,0.0013,0.0035,0.0094,0.0249,0.0662,0.1758
0.0100 ns,0.006659785,0.007839564,0.01111438,0.01988507,0.04293109,0.1043404,0.2673071
0.0231 ns,0.006931862,0.007914917,0.01111125,0.0198917,0.042935,0.1043415,0.2673079
0.0531 ns,0.01167425,0.01239293,0.01435126,0.02112931,0.0429576,0.1043477,0.2673122
0.1225 ns,0.01902446,0.02063656,0.02384188,0.03121118,0.04746841,0.1043887,0.2673196
0.2823 ns,0.0304484,0.0327983,0.0385628,0.05009617,0.07047139,0.1150567,0.2673249
0.6507 ns,0.05035729,0.05365286,0.06197927,0.08024493,0.113482,0.1674581,0.2887719
1.5000 ns,0.09141533,0.09532553,0.105754,0.1304253,0.1810443,0.2692463,0.4059252

"nand2x2  |  fall_transition  (rows=input_transition, cols=cload)  [ns]"
tin \ cload,0.0005,0.0013,0.0035,0.0094,0.0249,0.0662,0.1758
0.0100 ns,0.004740689,0.005464403,0.007457236,0.01279052,0.02678846,0.06405313,0.1629197
0.0231 ns,0.00554676,0.006090564,0.007748002,0.01280366,0.02679867,0.06405794,0.1629215
0.0531 ns,0.008559475,0.009268179,0.01137672,0.01547498,0.02741184,0.06407305,0.162931
0.1225 ns,0.01325133,0.01498916,0.0176408,0.02349738,0.03541153,0.06608361,0.1629563
0.2823 ns,0.02229679,0.02418322,0.02817304,0.03710778,0.05375628,0.08477759,0.166901
0.6507 ns,0.04032968,0.04286433,0.04881852,0.06145556,0.08552394,0.1292845,0.2081739
1.5000 ns,0.07855069,0.08180032,0.08990895,0.1078045,0.1420412,0.2049581,0.3158066


"nand2x4  |  cell_rise  (rows=input_transition, cols=cload)  [ns]"
tin \ cload,0.0005,0.0013,0.0035,0.0094,0.0249,0.0662,0.1758
0.0100 ns,0.009896008,0.01043148,0.01187677,0.01558869,0.02454349,0.04644915,0.1025447
0.0231 ns,0.01305532,0.01352211,0.01480045,0.01821443,0.02695812,0.04906688,0.1054926
0.0531 ns,0.01870944,0.01944332,0.02128595,0.02543753,0.03379781,0.05563594,0.112309
0.1225 ns,0.02663281,0.02773935,0.03059747,0.03701535,0.04951246,0.07243948,0.1287223
0.2823 ns,0.03915949,0.04078411,0.04490732,0.05445292,0.07371668,0.1084915,0.168454
0.6507 ns,0.06244398,0.06461364,0.07023805,0.08342793,0.1110644,0.1639417,0.2540838
1.5000 ns,0.1091007,0.1119582,0.1194025,0.137162,0.1749993,0.2501263,0.3870314

"nand2x4  |  cell_fall  (rows=input_transition, cols=cload)  [ns]"
tin \ cload,0.0005,0.0013,0.0035,0.0094,0.0249,0.0662,0.1758
0.0100 ns,0.008470485,0.00881187,0.009730033,0.01206645,0.0177683,0.03222738,0.07003166
0.0231 ns,0.01048262,0.0108885,0.01187433,0.01419952,0.01997879,0.03458259,0.07248348
0.0531 ns,0.01263507,0.01327065,0.01478454,0.01834345,0.02543742,0.04018747,0.07820774
0.1225 ns,0.01382194,0.01475408,0.01713915,0.02249148,0.03324558,0.05304819,0.09167764
0.2823 ns,0.01165179,0.01297664,0.01651189,0.02446268,0.0406675,0.07062256,0.1222643
0.6507 ns,-0.0005096438,0.001524005,0.006671157,0.01846027,0.04239405,0.087183,0.1651196
1.5000 ns,-0.03732944,-0.03449445,-0.02716427,-0.01014108,0.02483059,0.09082952,0.207241

"nand2x4  |  rise_transition  (rows=input_transition, cols=cload)  [ns]"
tin \ cload,0.0005,0.0013,0.0035,0.0094,0.0249,0.0662,0.1758
0.0100 ns,0.006201276,0.006795187,0.00841024,0.01274618,0.02415042,0.05453867,0.1351855
0.0231 ns,0.006610154,0.007080887,0.008445117,0.01275717,0.0241493,0.05454035,0.135187
0.0531 ns,0.01147105,0.01188794,0.01281869,0.01548079,0.02488371,0.05455634,0.1351919
0.1225 ns,0.01842063,0.01929792,0.0211976,0.02576931,0.03391369,0.05731882,0.1352185
0.2823 ns,0.0297046,0.03081882,0.03385875,0.04111874,0.05482349,0.07860121,0.141548
0.6507 ns,0.05023237,0.0517933,0.05601063,0.06616465,0.08762535,0.1262798,0.1887242
1.5000 ns,0.09399134,0.09578154,0.1007228,0.1133585,0.1423139,0.2014517,0.3019327

"nand2x4  |  fall_transition  (rows=input_transition, cols=cload)  [ns]"
tin \ cload,0.0005,0.0013,0.0035,0.0094,0.0249,0.0662,0.1758
0.0100 ns,0.004508459,0.004866876,0.005866224,0.008534232,0.01553888,0.03418035,0.0836229
0.0231 ns,0.005384091,0.00568933,0.00644413,0.008723726,0.01555195,0.03418949,0.08362553
0.0531 ns,0.008248226,0.008758306,0.009819701,0.01244416,0.01768399,0.03442222,0.08364341
0.1225 ns,0.01321184,0.01362509,0.01569761,0.01887526,0.0264376,0.04099273,0.08442651
0.2823 ns,0.02218066,0.02325735,0.02553139,0.03078268,0.0414021,0.0613459,0.09958205
0.6507 ns,0.04098631,0.04229148,0.04553727,0.05300347,0.06811328,0.09687685,0.1484083
1.5000 ns,0.0816866,0.08326217,0.08741277,0.09749773,0.1187232,0.1595035,0.2335989


"nor2x1  |  cell_rise  (rows=input_transition, cols=cload)  [ns]"
tin \ cload,0.0005,0.0013,0.0035,0.0094,0.0249,0.0662,0.1758
0.0100 ns,0.01136646,0.01345636,0.01874267,0.03174478,0.06457588,0.1512117,0.3807234
0.0231 ns,0.01381821,0.01569028,0.02082261,0.03392226,0.06695124,0.1537131,0.3832821
0.0531 ns,0.01859712,0.0212433,0.02704541,0.03979953,0.07290477,0.1598397,0.3895122
0.1225 ns,0.02411026,0.02817742,0.03715716,0.05432815,0.08759554,0.1744943,0.4042693
0.2823 ns,0.03050088,0.03648711,0.0499401,0.07618865,0.12169,0.2092154,0.4386964
0.6507 ns,0.03778885,0.04613162,0.06527654,0.1039074,0.1731119,0.2900029,0.5193894
1.5000 ns,0.04506627,0.05646776,0.08302563,0.1375328,0.2389016,0.4164482,0.7093399

"nor2x1  |  cell_fall  (rows=input_transition, cols=cload)  [ns]"
tin \ cload,0.0005,0.0013,0.0035,0.0094,0.0249,0.0662,0.1758
0.0100 ns,0.01326206,0.01528037,0.02042948,0.03271186,0.06267871,0.1409104,0.3477251
0.0231 ns,0.0153815,0.01733244,0.02246644,0.03509138,0.06553273,0.1440632,0.3510149
0.0531 ns,0.02056189,0.02292437,0.0282658,0.04081077,0.0717237,0.150721,0.3579336
0.1225 ns,0.02720782,0.03087866,0.03908143,0.05521086,0.08647891,0.1659843,0.3736233
0.2823 ns,0.03481308,0.0404113,0.05304647,0.07780182,0.1209059,0.2017957,0.4098397
0.6507 ns,0.04292445,0.05116133,0.06988328,0.1071869,0.1732791,0.2842641,0.4942256
1.5000 ns,0.05017311,0.0620201,0.08907761,0.1433832,0.2420907,0.4122625,0.6901968

"nor2x1  |  rise_transition  (rows=input_transition, cols=cload)  [ns]"
tin \ cload,0.0005,0.0013,0.0035,0.0094,0.0249,0.0662,0.1758
0.0100 ns,0.01091619,0.013332,0.01991635,0.03741648,0.08313677,0.2047246,0.5272454
0.0231 ns,0.01081936,0.01304923,0.01978012,0.03739542,0.08313845,0.2047258,0.527246
0.0531 ns,0.0157375,0.01701884,0.02176009,0.03739381,0.08314093,0.2047318,0.5272464
0.1225 ns,0.02129207,0.0240934,0.03160457,0.04470012,0.08410087,0.2047498,0.5272567
0.2823 ns,0.03284857,0.03723206,0.04668187,0.06586914,0.1011982,0.2066412,0.5272564
0.6507 ns,0.05545674,0.06138452,0.07530924,0.1031138,0.1520634,0.2435354,0.5295588
1.5000 ns,0.1014367,0.1089008,0.1274952,0.1673459,0.2407736,0.3649103,0.6047618

"nor2x1  |  fall_transition  (rows=input_transition, cols=cload)  [ns]"
tin \ cload,0.0005,0.0013,0.0035,0.0094,0.0249,0.0662,0.1758
0.0100 ns,0.005895371,0.007841703,0.01319879,0.0275796,0.06537181,0.1660713,0.4333053
0.0231 ns,0.005942456,0.007857639,0.01320267,0.02758943,0.06537263,0.1660721,0.4333057
0.0531 ns,0.00868038,0.01000027,0.01421134,0.02760987,0.06538886,0.1660756,0.433307
0.1225 ns,0.01501664,0.01733864,0.02262924,0.03317213,0.06597438,0.1660865,0.4333177
0.2823 ns,0.02475621,0.02894096,0.03748107,0.05341969,0.08136605,0.1676632,0.4333137
0.6507 ns,0.0441981,0.04992067,0.06272553,0.08759564,0.1299052,0.2031462,0.4358028
1.5000 ns,0.08541225,0.0927452,0.1100262,0.1455279,0.2102746,0.318598,0.5104138


"nor2x2  |  cell_rise  (rows=input_transition, cols=cload)  [ns]"
tin \ cload,0.0005,0.0013,0.0035,0.0094,0.0249,0.0662,0.1758
0.0100 ns,0.01047208,0.01153727,0.01431603,0.0211348,0.03774594,0.08074706,0.1941325
0.0231 ns,0.01300149,0.01392978,0.01646417,0.0231597,0.03991511,0.08310963,0.1966057
0.0531 ns,0.01728986,0.01872204,0.02216243,0.02918847,0.04568864,0.08900135,0.20266
0.1225 ns,0.02219489,0.02435967,0.02959791,0.04051338,0.06057925,0.1034438,0.2171128
0.2823 ns,0.02818658,0.031336,0.03890568,0.05516962,0.08554742,0.1384998,0.2512643
0.6507 ns,0.03605244,0.04033596,0.05085005,0.07376585,0.118332,0.1983519,0.332767
1.5000 ns,0.04637999,0.0520833,0.06631007,0.09789253,0.1603985,0.277466,0.4804065

"nor2x2  |  cell_fall  (rows=input_transition, cols=cload)  [ns]"
tin \ cload,0.0005,0.0013,0.0035,0.0094,0.0249,0.0662,0.1758
0.0100 ns,0.01219201,0.01319645,0.01584541,0.02233533,0.0375725,0.07604555,0.1768248
0.0231 ns,0.01430689,0.01526233,0.01783106,0.02436332,0.04001115,0.07889979,0.1799161
0.0531 ns,0.01890844,0.02016249,0.02327757,0.02992912,0.04563077,0.08502488,0.1864337
0.1225 ns,0.0240746,0.02611584,0.03086368,0.04100214,0.05985617,0.09939306,0.2013065
0.2823 ns,0.02920676,0.03218919,0.03936455,0.05478373,0.0836409,0.1338901,0.2359929
0.6507 ns,0.03305287,0.03737995,0.04786232,0.07041523,0.1135896,0.1902792,0.3179868
1.5000 ns,0.03250836,0.03858601,0.05350096,0.08582026,0.1481896,0.2622196,0.4570831

"nor2x2  |  rise_transition  (rows=input_transition, cols=cload)  [ns]"
tin \ cload,0.0005,0.0013,0.0035,0.0094,0.0249,0.0662,0.1758
0.0100 ns,0.009823021,0.01101903,0.01428838,0.02297151,0.04558723,0.1055683,0.2645227
0.0231 ns,0.009930645,0.01094377,0.01404267,0.0228705,0.04557939,0.1055684,0.2645236
0.0531 ns,0.01546882,0.01587947,0.01771725,0.02431598,0.04546738,0.1055739,0.2645265
0.1225 ns,0.01974035,0.02166416,0.02553315,0.03496758,0.05110621,0.1056992,0.2645425
0.2823 ns,0.03131173,0.03353454,0.03906865,0.0510392,0.0737339,0.1188121,0.2646572
0.6507 ns,0.05380595,0.0568388,0.06438563,0.08129989,0.1139474,0.1718379,0.2916611
1.5000 ns,0.1017304,0.1052553,0.1145852,0.1369104,0.1833239,0.2690818,0.4140354

"nor2x2  |  fall_transition  (rows=input_transition, cols=cload)  [ns]"
tin \ cload,0.0005,0.0013,0.0035,0.0094,0.0249,0.0662,0.1758
0.0100 ns,0.005164595,0.006106406,0.008709159,0.01570035,0.03408641,0.08308602,0.2131253
0.0231 ns,0.005203624,0.006149036,0.008718615,0.01571132,0.03409225,0.08308861,0.2131263
0.0531 ns,0.008219007,0.008986413,0.01084559,0.01650285,0.03411718,0.08309958,0.2131307
0.1225 ns,0.01372649,0.0154511,0.01847082,0.02507432,0.03852551,0.08320093,0.2131349
0.2823 ns,0.0232332,0.02553605,0.03063703,0.04109719,0.0597885,0.09550248,0.2133589
0.6507 ns,0.04253461,0.04546938,0.05268239,0.06800083,0.09692583,0.1464145,0.2409717
1.5000 ns,0.0854563,0.08898058,0.0979692,0.1184345,0.15921,0.2346063,0.3600684


"nor2x4  |  cell_rise  (rows=input_transition, cols=cload)  [ns]"
tin \ cload,0.0005,0.0013,0.0035,0.0094,0.0249,0.0662,0.1758
0.0100 ns,0.01012873,0.01067048,0.01212392,0.01578052,0.02456102,0.04653926,0.1036988
0.0231 ns,0.01273513,0.01317763,0.01444495,0.01786836,0.02660581,0.04877071,0.1061075
0.0531 ns,0.01689674,0.01766985,0.01957296,0.0239144,0.03252009,0.05455969,0.1120612
0.1225 ns,0.02176578,0.02288956,0.02581265,0.03237265,0.04536713,0.06930273,0.1265105
0.2823 ns,0.02814061,0.02974389,0.03385565,0.04338186,0.06281567,0.09870127,0.1613485
0.6507 ns,0.03765073,0.03981591,0.04541601,0.05849918,0.08586939,0.138861,0.2318601
1.5000 ns,0.05254425,0.05539814,0.06285719,0.08056289,0.1181121,0.1923875,0.3295076

"nor2x4  |  cell_fall  (rows=input_transition, cols=cload)  [ns]"
tin \ cload,0.0005,0.0013,0.0035,0.0094,0.0249,0.0662,0.1758
0.0100 ns,0.01160324,0.01210351,0.01344717,0.01685659,0.02492824,0.044383,0.0941222
0.0231 ns,0.01368734,0.01415606,0.01543476,0.01876916,0.02696683,0.04687173,0.09696452
0.0531 ns,0.01779052,0.01847674,0.02015118,0.02410698,0.0323103,0.05242449,0.1030113
0.1225 ns,0.0220533,0.0230308,0.02565402,0.03165016,0.04372349,0.06620085,0.1170378
0.2823 ns,0.02559584,0.02709845,0.03094831,0.0398336,0.05806514,0.09201873,0.1505499
0.6507 ns,0.02664631,0.0288184,0.0343956,0.04730047,0.07376342,0.1242564,0.2126857
1.5000 ns,0.02041588,0.02348875,0.0313848,0.04974938,0.08764443,0.1603128,0.2914684

"nor2x4  |  rise_transition  (rows=input_transition, cols=cload)  [ns]"
tin \ cload,0.0005,0.0013,0.0035,0.0094,0.0249,0.0662,0.1758
0.0100 ns,0.009447058,0.01004954,0.01169965,0.0160949,0.02752597,0.05773797,0.1376243
0.0231 ns,0.009605353,0.01009436,0.01150635,0.01588695,0.02746003,0.05773472,0.1376261
0.0531 ns,0.01536583,0.01544114,0.01621979,0.01895084,0.02827212,0.05770056,0.1376335
0.1225 ns,0.01895669,0.02030204,0.02221546,0.02745549,0.03800476,0.0611521,0.1376443
0.2823 ns,0.03009808,0.03135675,0.03434716,0.04146031,0.05600917,0.08373533,0.1455495
0.6507 ns,0.05169678,0.05324191,0.05724047,0.06697055,0.08778248,0.1270811,0.1960158
1.5000 ns,0.09792766,0.09965017,0.1044523,0.1166462,0.1444148,0.2012227,0.3024155

"nor2x4  |  fall_transition  (rows=input_transition, cols=cload)  [ns]"
tin \ cload,0.0005,0.0013,0.0035,0.0094,0.0249,0.0662,0.1758
0.0100 ns,0.004811349,0.005274834,0.006544774,0.00996471,0.01897665,0.04301167,0.1068097
0.0231 ns,0.004855924,0.005291391,0.006562706,0.009989195,0.01898992,0.04301601,0.1068111
0.0531 ns,0.007844599,0.008404708,0.009489089,0.01197151,0.01949987,0.04304449,0.106821
0.1225 ns,0.01352212,0.01402804,0.01594369,0.01970642,0.02776279,0.0461041,0.1068338
0.2823 ns,0.0220123,0.02325571,0.02599754,0.03237173,0.04492541,0.0672192,0.1153677
0.6507 ns,0.04031714,0.04181297,0.04572625,0.05457268,0.0728853,0.1071959,0.1653975
1.5000 ns,0.08154093,0.08329096,0.08793377,0.09935787,0.123904,0.1725336,0.2609531


"maj3x1  |  cell_rise  (rows=input_transition, cols=cload)  [ns]"
tin \ cload,0.0005,0.0013,0.0035,0.0094,0.0249,0.0662,0.1758
0.0100 ns,-7.966937,-7.965749,-7.962804,-7.956209,-7.942019,-7.907925,-7.818989
0.0231 ns,-7.978367,-7.977182,-7.974245,-7.967656,-7.953461,-7.919359,-7.830419
0.0531 ns,-8.003145,-8.001964,-7.999053,-7.992508,-7.97832,-7.944204,-7.85525
0.1225 ns,-8.059426,-8.058236,-8.055289,-8.048697,-8.034456,-8.000265,-7.911253
0.2823 ns,-8.200222,-8.198844,-8.19542,-8.188162,-8.173146,-8.138267,-8.049108
0.6507 ns,-8.546663,-8.544834,-8.540466,-8.531458,-8.514739,-8.479292,-8.389567
1.5000 ns,-9.372682,-9.370312,-9.36452,-9.352407,-9.330929,-9.292191,-9.201873

"maj3x1  |  cell_fall  (rows=input_transition, cols=cload)  [ns]"
tin \ cload,0.0005,0.0013,0.0035,0.0094,0.0249,0.0662,0.1758
0.0100 ns,8.051287,8.053232,8.058381,8.071283,8.102713,8.183255,8.395126
0.0231 ns,8.06727,8.069203,8.074323,8.087199,8.118673,8.199286,8.411185
0.0531 ns,8.104061,8.105952,8.110969,8.123719,8.155289,8.236212,8.448324
0.1225 ns,8.187489,8.189361,8.194341,8.206951,8.238523,8.319822,8.532325
0.2823 ns,8.368084,8.370039,8.375142,8.387942,8.41979,8.501327,8.71417
0.6507 ns,8.765444,8.767755,8.773373,8.786705,8.818506,8.900258,9.113698
1.5000 ns,9.652956,9.655896,9.663247,9.679301,9.712927,9.794464,10.00792

"maj3x1  |  rise_transition  (rows=input_transition, cols=cload)  [ns]"
tin \ cload,0.0005,0.0013,0.0035,0.0094,0.0249,0.0662,0.1758
0.0100 ns,0.01116032,0.01202116,0.01437103,0.02063048,0.03756227,0.08496081,0.213754
0.0231 ns,0.01120805,0.0120569,0.0144034,0.02065158,0.03756462,0.08496252,0.2137542
0.0531 ns,0.01141169,0.01218904,0.01458134,0.02078479,0.03762028,0.08497653,0.2137592
0.1225 ns,0.01262926,0.01371971,0.01583036,0.02154391,0.03792589,0.08505456,0.2137641
0.2823 ns,0.01613462,0.01659263,0.01862211,0.02407143,0.03981712,0.0860591,0.2139452
0.6507 ns,0.0217831,0.02257629,0.02467901,0.03012163,0.04388311,0.08756711,0.2151039
1.5000 ns,0.03059211,0.03192716,0.03501449,0.04163802,0.05486851,0.09337945,0.2165814

"maj3x1  |  fall_transition  (rows=input_transition, cols=cload)  [ns]"
tin \ cload,0.0005,0.0013,0.0035,0.0094,0.0249,0.0662,0.1758
0.0100 ns,0.01647211,0.01851928,0.02411303,0.03910227,0.07858096,0.1837721,0.4627878
0.0231 ns,0.01649592,0.01853934,0.02413184,0.03911242,0.07858437,0.1837732,0.4627885
0.0531 ns,0.0165777,0.01864801,0.02422055,0.03915342,0.07859504,0.1837769,0.4627916
0.1225 ns,0.01747083,0.01959816,0.02493383,0.03950686,0.07863006,0.1838071,0.4627963
0.2823 ns,0.01887124,0.02106393,0.02620545,0.04076661,0.07965402,0.1840213,0.4628025
0.6507 ns,0.02297864,0.02497312,0.02973924,0.04346776,0.08081808,0.1851922,0.4633508
1.5000 ns,0.03071013,0.03298259,0.03860726,0.05164813,0.0856767,0.1862491,0.4644611


"maj3x2  |  cell_rise  (rows=input_transition, cols=cload)  [ns]"
tin \ cload,0.0005,0.0013,0.0035,0.0094,0.0249,0.0662,0.1758
0.0100 ns,-7.968187,-7.967569,-7.965974,-7.962206,-7.954055,-7.935914,-7.890986
0.0231 ns,-7.979649,-7.979034,-7.977445,-7.973684,-7.965537,-7.947389,-7.902454
0.0531 ns,-8.004546,-8.003942,-8.002359,-7.998636,-7.990525,-7.972374,-7.92742
0.1225 ns,-8.061465,-8.06083,-8.059216,-8.055427,-8.047224,-8.029031,-7.984003
0.2823 ns,-8.20403,-8.203306,-8.201406,-8.197132,-8.188228,-8.169255,-8.123593
0.6507 ns,-8.553356,-8.552425,-8.550034,-8.544593,-8.533961,-8.513597,-8.46764
1.5000 ns,-9.384494,-9.383263,-9.380139,-9.372931,-9.358781,-9.333739,-9.285377

"maj3x2  |  cell_fall  (rows=input_transition, cols=cload)  [ns]"
tin \ cload,0.0005,0.0013,0.0035,0.0094,0.0249,0.0662,0.1758
0.0100 ns,8.049857,8.050815,8.05339,8.059975,8.076026,8.115967,8.219079
0.0231 ns,8.06583,8.066781,8.069339,8.07589,8.091927,8.131928,8.2351
0.0531 ns,8.102637,8.103561,8.106061,8.112493,8.128439,8.168617,8.272084
0.1225 ns,8.185983,8.186915,8.189415,8.19579,8.211601,8.251882,8.355759
0.2823 ns,8.366475,8.36745,8.370057,8.376583,8.392599,8.433245,8.537292
0.6507 ns,8.763953,8.765077,8.768119,8.775255,8.791776,8.832217,8.9368
1.5000 ns,9.652905,9.654383,9.658323,9.667538,9.686832,9.728639,9.832747

"maj3x2  |  rise_transition  (rows=input_transition, cols=cload)  [ns]"
tin \ cload,0.0005,0.0013,0.0035,0.0094,0.0249,0.0662,0.1758
0.0100 ns,0.01082222,0.01125941,0.0124412,0.01558025,0.0238504,0.04677318,0.1103968
0.0231 ns,0.01085732,0.01128407,0.01247164,0.01561248,0.02386554,0.04677551,0.1103984
0.0531 ns,0.01110336,0.01141614,0.01261422,0.01569551,0.0239699,0.04681309,0.1104057
0.1225 ns,0.01249447,0.01269054,0.01404306,0.01708755,0.02453533,0.04707383,0.1104555
0.2823 ns,0.01551829,0.01585481,0.01721135,0.0198497,0.02711802,0.04873581,0.1112523
0.6507 ns,0.02082115,0.0214976,0.02274404,0.02565556,0.0323485,0.05178579,0.1123774
1.5000 ns,0.02961904,0.03023372,0.03196619,0.03590795,0.04385941,0.06146553,0.1167215

"maj3x2  |  fall_transition  (rows=input_transition, cols=cload)  [ns]"
tin \ cload,0.0005,0.0013,0.0035,0.0094,0.0249,0.0662,0.1758
0.0100 ns,0.01561301,0.01661298,0.01934701,0.02664238,0.04582712,0.09707031,0.2330191
0.0231 ns,0.01562848,0.01663641,0.01935994,0.02664963,0.04582957,0.09707299,0.2330204
0.0531 ns,0.01579164,0.01669639,0.01948445,0.02674688,0.04587695,0.09707544,0.2330265
0.1225 ns,0.01671538,0.0174757,0.02032811,0.02728174,0.04607275,0.09713279,0.2330404
0.2823 ns,0.01831815,0.0191044,0.02186299,0.02877304,0.04731193,0.09787333,0.233087
0.6507 ns,0.02219724,0.02312422,0.02579964,0.03229614,0.04958163,0.09890407,0.2341965
1.5000 ns,0.02936571,0.03034909,0.03357836,0.04081811,0.05729627,0.1025931,0.2349571


"maj3x4  |  cell_rise  (rows=input_transition, cols=cload)  [ns]"
tin \ cload,0.0005,0.0013,0.0035,0.0094,0.0249,0.0662,0.1758
0.0100 ns,-7.968471,-7.968156,-7.96732,-7.965246,-7.960544,-7.950299,-7.926915
0.0231 ns,-7.979972,-7.979658,-7.978825,-7.976757,-7.972065,-7.961821,-7.938429
0.0531 ns,-8.004983,-8.004674,-8.003855,-8.0018,-7.997141,-7.986932,-7.963534
0.1225 ns,-8.062298,-8.061974,-8.061101,-8.059007,-8.054283,-8.043995,-8.020509
0.2823 ns,-8.205797,-8.205421,-8.204446,-8.202049,-8.19676,-8.185749,-8.161592
0.6507 ns,-8.557265,-8.556789,-8.555523,-8.552411,-8.54581,-8.533001,-8.507784
1.5000 ns,-9.392589,-9.391972,-9.390346,-9.386303,-9.377491,-9.360596,-9.330961

"maj3x4  |  cell_fall  (rows=input_transition, cols=cload)  [ns]"
tin \ cload,0.0005,0.0013,0.0035,0.0094,0.0249,0.0662,0.1758
0.0100 ns,8.049281,8.049761,8.051065,8.05446,8.062886,8.083636,8.135624
0.0231 ns,8.065257,8.065734,8.067027,8.0704,8.078792,8.099546,8.151604
0.0531 ns,8.102074,8.102546,8.103806,8.107104,8.115365,8.13609,8.188391
0.1225 ns,8.185456,8.185924,8.187192,8.190478,8.198671,8.219272,8.27178
0.2823 ns,8.36616,8.366637,8.367972,8.371357,8.379724,8.400523,8.453352
0.6507 ns,8.764458,8.765032,8.766603,8.77048,8.77951,8.800672,8.853308
1.5000 ns,9.655965,9.65676,9.658808,9.663921,9.675352,9.699285,9.752729

"maj3x4  |  rise_transition  (rows=input_transition, cols=cload)  [ns]"
tin \ cload,0.0005,0.0013,0.0035,0.0094,0.0249,0.0662,0.1758
0.0100 ns,0.01068701,0.01090536,0.01150511,0.01308627,0.01720512,0.02834106,0.05933262
0.0231 ns,0.01072994,0.01094701,0.01154039,0.0131272,0.01723116,0.02835138,0.0593331
0.0531 ns,0.0110159,0.01120003,0.01171041,0.01329999,0.01736274,0.02840838,0.0593601
0.1225 ns,0.01247668,0.01267039,0.01302844,0.0146847,0.01845371,0.02895553,0.05955179
0.2823 ns,0.0157767,0.01593234,0.01622734,0.01770098,0.02110943,0.03122543,0.06103119
0.6507 ns,0.02089923,0.02123417,0.02189143,0.02356313,0.02705281,0.03612144,0.0631549
1.5000 ns,0.0293693,0.02960635,0.03071946,0.03300601,0.0379071,0.04769066,0.0716717

"maj3x4  |  fall_transition  (rows=input_transition, cols=cload)  [ns]"
tin \ cload,0.0005,0.0013,0.0035,0.0094,0.0249,0.0662,0.1758
0.0100 ns,0.01520187,0.01570009,0.01705981,0.02068572,0.03018002,0.05555989,0.123052
0.0231 ns,0.0152267,0.01571047,0.01708019,0.0207066,0.03019011,0.05556367,0.1230537
0.0531 ns,0.01534363,0.01588008,0.01719091,0.02079753,0.03025383,0.0555928,0.1230648
0.1225 ns,0.01644904,0.01682323,0.01804687,0.02164007,0.03073053,0.05575797,0.1231082
0.2823 ns,0.01794159,0.01841125,0.01941338,0.02296376,0.03219364,0.05695215,0.1236328
0.6507 ns,0.0218773,0.02239852,0.023498,0.02691309,0.03542051,0.05873288,0.1245459
1.5000 ns,0.02924235,0.02990331,0.0312385,0.0354229,0.04434491,0.06579995,0.1272292


